Period,Target,Horizon,Model,MAE,RMSE,MAPE,R2,Persistence_RMSE,Skill_vs_Persistence,mean_generation_ref,mean_capacity_ref,nRMSE_generation_pct,nRMSE_capacity_pct
FULL,Solar,1,ARIMA,2115.528800599253,3485.2611482720117,3225.3817586299137,0.8743617328264012,5549.044824022099,0.37191692285776146,5477.915011,54333.986103,63.62386311714196,6.414514005405497
FULL,Solar,1,LSTM,422.97754913653705,758.6028831758011,665.3811934504,0.9940590093390116,5549.044824022099,0.8632912677346252,5477.915011,54333.986103,13.848387235882239,1.3961848514808588
FULL,Solar,1,LightGBM,483.0897741112689,934.2092017528907,215.3109862669813,0.9909730805079008,5549.044824022099,0.8316450431777643,5477.915011,54333.986103,17.054101786481528,1.7193827818594545
FULL,Solar,1,Persistence,3335.3029169996576,5549.044824022099,2197.8792039569294,0.6815159012864946,5549.044824022099,0.0,5477.915011,54333.986103,101.29848332585054,10.21284323499268
FULL,Solar,1,RandomForest,634.612602297481,1236.3410738631117,28.89031467597456,0.9841901451342504,5549.044824022099,0.7771974973943393,5477.915011,54333.986103,22.56955559515729,2.275447031475661
FULL,Solar,1,SARIMA,1744.736507548079,2979.794869050402,1075.8949652135705,0.908161660283928,5549.044824022099,0.4630076051736476,5477.915011,54333.986103,54.39651515342581,5.484219146744832
FULL,Solar,1,SARIMAX,1754.6487172479522,2963.3396093067045,1419.963168759852,0.9091731735597456,5549.044824022099,0.46597302719951816,5477.915011,54333.986103,54.09612239978406,5.453933756469022
FULL,Solar,1,XGBoost,496.2945829710998,963.3519838623712,213.88882781077436,0.9904011041402973,5549.044824022099,0.8263931875821274,5477.915011,54333.986103,17.586106792965925,1.773019159750513
FULL,Solar,6,ARIMA,10390.412060584918,15517.869797371524,153542.17672917782,-8.971897668282015,16434.163504871252,0.05575542115229226,5477.915011,54333.986103,283.28058697899945,28.560153433165322
FULL,Solar,6,LSTM,1176.7502109188138,2156.63433526061,2678.2984762669284,0.9519843342550628,16434.163504871252,0.8687712742652608,5477.915011,54333.986103,39.369620210060795,3.969217960876854
FULL,Solar,6,LightGBM,1217.983733802035,2242.948600351714,1861.7372636607636,0.9479656704647456,16434.163504871252,0.8635191502331785,5477.915011,54333.986103,40.945297541997846,4.128076662919218
FULL,Solar,6,Persistence,12261.751826692544,16434.163504871252,183438.89584774748,-1.79348618093369,16434.163504871252,0.0,5477.915011,54333.986103,300.0076392545414,30.2465633088603
FULL,Solar,6,RandomForest,1161.2959559478966,2329.035270174422,36.45057956026759,0.9438947565586008,16434.163504871252,0.8582808751121362,5477.915011,54333.986103,42.51682009482753,4.28651648299705
FULL,Solar,6,SARIMA,7924.227634797986,12151.18656342153,125644.46978254156,-5.114359693113353,16434.163504871252,0.26061423449877474,5477.915011,54333.986103,221.82137800643454,22.363878365902945
FULL,Solar,6,SARIMAX,7790.94497689095,12057.783408566358,121851.87718923192,-5.020721836686233,16434.163504871252,0.2662977093423521,5477.915011,54333.986103,220.11629213585033,22.191972784232366
FULL,Solar,6,XGBoost,1242.1666851575476,2327.2703468588056,1572.9295235302675,0.9439797565023408,16434.163504871252,0.8583882686716011,5477.915011,54333.986103,42.484601206581324,4.283268196901732
FULL,Solar,24,ARIMA,1756.0149259987777,2778.4493859410327,22776.84918503209,-0.5337509381581553,3783.9178615866367,0.265721538475468,5477.915011,54333.986103,50.72092904621066,5.113649090044625
FULL,Solar,24,LSTM,1505.8258103120256,2841.549971805289,2001.1449516645096,0.9166421252972232,3783.9178615866367,0.2490455459797436,5477.915011,54333.986103,51.87283786074221,5.2297837423866005
FULL,Solar,24,LightGBM,1432.4634950968132,2846.771090290817,513.283232941612,0.9161783448434402,3783.9178615866367,0.24766572784507113,5477.915011,54333.986103,51.968150009160794,5.239393047464329
FULL,Solar,24,Persistence,1781.1739924648932,3783.9178615866367,35.33564977575484,0.8519069970421945,3783.9178615866367,0.0,5477.915011,54333.986103,69.07587748236857,6.964182334080053
FULL,Solar,24,RandomForest,1427.3942750625306,2884.6384114572093,33.961687353843075,0.9139335473897978,3783.9178615866367,0.23765829043454711,5477.915011,54333.986103,52.65942252964262,5.309086666288112
FULL,Solar,24,SARIMA,1228.8538064766244,2545.491718593128,1637.1640683186758,-0.2873399256467255,3783.9178615866367,0.3272867404352756,5477.915011,54333.986103,46.46825869845771,4.684897798162062
FULL,Solar,24,SARIMAX,2610.086518114824,3588.602286947745,55622.48271994168,-1.55858895577392,3783.9178615866367,0.05161728710384683,5477.915011,54333.986103,65.510368082411,6.604710135098304
FULL,Solar,24,XGBoost,1445.2071751068258,2906.92055738811,403.0086967554534,0.912598786000049,3783.9178615866367,0.23176964624459173,5477.915011,54333.986103,53.06618579424524,5.350096258127483
FULL,Solar,72,ARIMA,1586.6276207223043,2379.2987416625497,24259.77270695955,-0.2997823013248828,4350.501746290713,0.4530978538989975,5477.915011,54333.986103,43.43438583630391,4.379024828313082
FULL,Solar,72,LSTM,2232.3196665218884,3695.4511936797344,10992.56523294074,0.8590165198038614,4350.501746290713,0.15056896671044484,5477.915011,54333.986103,67.4609077771202,6.801362202055875
FULL,Solar,72,LightGBM,1785.2201602263954,3544.325579826896,795.8369534411,0.8700826921320854,4350.501746290713,0.1853064803734814,5477.915011,54333.986103,64.70209144737854,6.523220242129813
FULL,Solar,72,Persistence,2058.601524146592,4350.501746290713,50.81172969471891,0.8042604935091898,4350.501746290713,0.0,5477.915011,54333.986103,79.41893471429604,8.006962231785353
FULL,Solar,72,RandomForest,1653.8936075385368,3371.595824120999,43.1039629647932,0.8824369596782851,4350.501746290713,0.22500989064177246,5477.915011,54333.986103,61.54888889934622,6.205316535638529
FULL,Solar,72,SARIMA,1144.4378516318627,2355.3975498403624,2754.1340340323936,-0.2737995968999505,4350.501746290713,0.4585917470671972,5477.915011,54333.986103,42.99806669345134,4.3350354332098435
FULL,Solar,72,SARIMAX,4117.352376818666,5459.72723207711,107004.75636436424,-5.844071863131377,4350.501746290713,-0.2549649558771321,5477.915011,54333.986103,99.66797989953535,10.048457003922369
FULL,Solar,72,XGBoost,1775.026513153418,3556.2756047044795,607.7720679221766,0.8692051585924467,4350.501746290713,0.18255966504631316,5477.915011,54333.986103,64.92024059451913,6.545213888712138
FULL,Solar,168,ARIMA,1317.4638069973796,1956.7627448253088,16596.227334056828,-0.378657492009838,4737.481360451647,0.5869613839200918,5477.915011,54333.986103,35.720940191587594,3.6013605574895746
FULL,Solar,168,LSTM,2165.1834616068404,4092.128412283064,3390.1036589555247,0.8271499284396284,4737.481360451647,0.13622279415302185,5477.915011,54333.986103,74.70229830265367,7.531434201285521
FULL,Solar,168,LightGBM,1856.2154372192333,3756.777820378865,648.2786710911561,0.8540507888841334,4737.481360451647,0.20700947728463182,5477.915011,54333.986103,68.58043275288166,6.91423193810446
FULL,Solar,168,Persistence,2366.2404384062106,4737.481360451647,93.44747277720742,0.7679050142266529,4737.481360451647,0.0,5477.915011,54333.986103,86.48329429971959,8.719186093711006
FULL,Solar,168,RandomForest,1719.7611604819667,3496.1141025146835,47.446046771770106,0.8736014982992011,4737.481360451647,0.26203105901373247,5477.915011,54333.986103,63.82198510736777,6.434488527838101
FULL,Solar,168,SARIMA,977.3740468805386,1896.4885688729755,2893.338026803819,-0.295032005065672,4737.481360451647,0.5996842151813397,5477.915011,54333.986103,34.62062783129542,3.4904278240838704
FULL,Solar,168,SARIMAX,7702.187855164684,9274.565333146404,209131.23418726324,-29.971851813632654,4737.481360451647,-0.957699593410583,5477.915011,54333.986103,169.30831008736882,17.069547070529246
FULL,Solar,168,XGBoost,1819.432726013032,3706.67255866021,463.480907792849,0.857917962892717,4737.481360451647,0.2175858274391531,5477.915011,54333.986103,67.66575514985131,6.822014772914939
FULL,Wind_Offshore,1,ARIMA,414.23693799908494,603.2695830133395,4208781.676009816,0.8912885863025568,636.1789342033156,0.05172970908127983,2452.882705,7046.018127,24.59431026944843,8.561851135489414
FULL,Wind_Offshore,1,LSTM,534.6984923641683,737.3718435007245,212445860.7647068,0.837334672685464,636.1789342033156,-0.15906359650863378,2452.882705,7046.018127,30.061439219969735,10.465085814570237
FULL,Wind_Offshore,1,LightGBM,417.6891333615283,586.2144523614885,88688614.12244232,0.897348493234894,636.1789342033156,0.07853840980194893,2452.882705,7046.018127,23.89900059903144,8.319797675727559
FULL,Wind_Offshore,1,Persistence,443.0748658522662,636.1789342033156,9418912.694298323,0.8791042999091196,636.1789342033156,0.0,2452.882705,7046.018127,25.935970476962357,9.028914242577788
FULL,Wind_Offshore,1,RandomForest,420.3333250833952,593.2246814348043,90424348.48355138,0.8948787032265728,636.1789342033156,0.06751913724132153,2452.882705,7046.018127,24.18479612684147,8.419289742693055
FULL,Wind_Offshore,1,SARIMA,413.17699761983766,600.429512348626,31759667.18926764,0.8923097594031738,636.1789342033156,0.056193973004558084,2452.882705,7046.018127,24.478525252132915,8.5215436793699
FULL,Wind_Offshore,1,SARIMAX,414.0887746062927,600.6033474858182,61901278.06670563,0.8922473938555052,636.1789342033156,0.05592072419381289,2452.882705,7046.018127,24.48561222522127,8.524010819449005
FULL,Wind_Offshore,1,XGBoost,423.3965892670892,591.8006124241385,81334664.18506469,0.8953827965463173,636.1789342033156,0.0697576096806033,2452.882705,7046.018127,24.126739171742766,8.399078767004406
FULL,Wind_Offshore,6,ARIMA,2241.641770451625,2718.404487105922,18126555990.40394,-1.1327535748286874,1812.570722563284,-0.4997508529000372,2452.882705,7046.018127,110.82488704268971,38.580719466064494
FULL,Wind_Offshore,6,LSTM,983.6115077844024,1276.8989130419693,682479221.2204838,0.5123818570948782,1812.570722563284,0.2955315358750711,2452.882705,7046.018127,52.057071886850345,18.122276866546148
FULL,Wind_Offshore,6,LightGBM,967.3833301285384,1257.5345021240992,1644739800.150027,0.5279468302710753,1812.570722563284,0.3062149319361559,2452.882705,7046.018127,51.267616652060795,17.84744914727494
FULL,Wind_Offshore,6,Persistence,1375.045010845987,1812.570722563284,1113997266.3795276,0.0192890574346354,1812.570722563284,0.0,2452.882705,7046.018127,73.89553193344743,25.72475247569405
FULL,Wind_Offshore,6,RandomForest,956.2288647419474,1247.6032250449848,2008548906.542829,0.5353733921786796,1812.570722563284,0.3116940434298414,2452.882705,7046.018127,50.862734793712235,17.70650036031315
FULL,Wind_Offshore,6,SARIMA,2249.47334940056,2730.4422772347625,23068902817.46019,-1.1516841532421496,1812.570722563284,-0.5063921331430596,2452.882705,7046.018127,111.31564797896695,38.751564756437965
FULL,Wind_Offshore,6,SARIMAX,2242.618387830199,2729.258500320222,23997236556.636707,-1.1498188423351705,1812.570722563284,-0.5057390403286361,2452.882705,7046.018127,111.26738733804324,38.73476410544327
FULL,Wind_Offshore,6,XGBoost,967.2766378458156,1259.1564426965765,2308477452.838972,0.5267283572329946,1812.570722563284,0.3053201030876662,2452.882705,7046.018127,51.33374050580933,17.870468397910447
FULL,Wind_Offshore,24,ARIMA,2657.463373612698,3124.834798301641,73.23117165258432,-4.111271690881509,2309.105282867215,-0.353266488750801,2452.882705,7046.018127,127.39438343023586,44.34894634073429
FULL,Wind_Offshore,24,LSTM,1498.543132033867,1865.873581747138,4292728842.414259,-0.0438386827718875,2309.105282867215,0.1919495418457995,2452.882705,7046.018127,76.06860197365768,26.481248672880938
FULL,Wind_Offshore,24,LightGBM,1399.087095690557,1695.9972282712667,5844157623.742913,0.1388187554566277,2309.105282867215,0.2655175834315585,2452.882705,7046.018127,69.14302199669457,24.070293287669635
FULL,Wind_Offshore,24,Persistence,1824.655411576664,2309.105282867215,3275773869.590962,-0.5963633786026645,2309.105282867215,0.0,2452.882705,7046.018127,94.13843059679509,32.77177607617607
FULL,Wind_Offshore,24,RandomForest,1368.8476250428969,1664.718629621639,5528183000.49634,0.1702906849232347,2309.105282867215,0.2790633489199078,2452.882705,7046.018127,67.86784489238913,23.626374494305058
FULL,Wind_Offshore,24,SARIMA,2678.428366583488,3159.9816070512984,74.05044989763074,-4.226897114164742,2309.105282867215,-0.36848745290970486,2452.882705,7046.018127,128.82726110832513,44.84776436981338
FULL,Wind_Offshore,24,SARIMAX,2651.695599273498,3133.0736839969486,73.05220157454329,-4.138259804334751,2309.105282867215,-0.3568344879046019,2452.882705,7046.018127,127.73026927094537,44.465876010042635
FULL,Wind_Offshore,24,XGBoost,1401.1841323073834,1700.2378396397166,5710636434.99413,0.1345068373716746,2309.105282867215,0.26368110962505265,2452.882705,7046.018127,69.31590475867115,24.130477796026206
FULL,Wind_Offshore,72,ARIMA,2865.3503763225217,3392.2786071948067,66.98133995763862,-4.225734101412169,2300.1145568205206,-0.47483028492459045,2452.882705,7046.018127,138.29762834887805,48.14461935878023
FULL,Wind_Offshore,72,LSTM,1668.188934347134,2029.5681563237,5431591207.989187,-0.2368281263214147,2300.1145568205206,0.11762301129505515,2452.882705,7046.018127,82.74216097600556,28.804469698232722
FULL,Wind_Offshore,72,LightGBM,1517.3232108408954,1832.2921606129391,5440425620.762248,-0.0055528714779677,2300.1145568205206,0.20339091147453925,2452.882705,7046.018127,74.69954257812499,26.004647271509057
FULL,Wind_Offshore,72,Persistence,1831.582886174221,2300.1145568205206,4343533156.807466,-0.5845808262699421,2300.1145568205206,0.0,2452.882705,7046.018127,93.77189345955784,32.64417597801222
FULL,Wind_Offshore,72,RandomForest,1467.4722696332203,1755.2423131574526,6704064417.524886,0.0772381669361862,2300.1145568205206,0.23688917669224796,2452.882705,7046.018127,71.55834682105,24.911124006784046
FULL,Wind_Offshore,72,SARIMA,2901.0626872622474,3453.7963270094697,68.53694751650552,-4.416986177834064,2300.1145568205206,-0.5015757875049922,2452.882705,7046.018127,140.80560476736983,49.01770425163526
FULL,Wind_Offshore,72,SARIMAX,2958.307618454699,3472.3156014041983,68.93195756785585,-4.475233739921892,2300.1145568205206,-0.5096272449160215,2452.882705,7046.018127,141.560605173911,49.28053744424035
FULL,Wind_Offshore,72,XGBoost,1504.4805212838558,1810.2014453666925,6270984822.25486,0.0185475167822724,2300.1145568205206,0.21299509191883104,2452.882705,7046.018127,73.7989403927365,25.691126714961012
FULL,Wind_Offshore,168,ARIMA,2878.4811055570544,3367.2035336487447,63.0822903606342,-3.432445537626421,2335.693365288655,-0.4416291040980078,2452.882705,7046.018127,137.27535877622591,47.78874355638945
FULL,Wind_Offshore,168,LSTM,1649.510638467257,2030.4502434003184,7548250975.43558,-0.2503055201610935,2335.693365288655,0.13068629916265284,2452.882705,7046.018127,82.77812221764263,28.81698864241821
FULL,Wind_Offshore,168,LightGBM,1450.9851020559483,1756.1803478326178,5181910392.510074,0.0719038620767457,2335.693365288655,0.24811177103481585,2452.882705,7046.018127,71.59658895440815,24.92443698240031
FULL,Wind_Offshore,168,Persistence,1857.8453876013243,2335.693365288655,5091620792.061726,-0.6416720101871263,2335.693365288655,0.0,2452.882705,7046.018127,95.22238305678196,33.149125125556964
FULL,Wind_Offshore,168,RandomForest,1468.2428236680605,1778.2978555225404,4922470754.57823,0.0483795878052427,2335.693365288655,0.2386424168727428,2452.882705,7046.018127,72.4982834237294,25.238337788377084
FULL,Wind_Offshore,168,SARIMA,2960.38523382202,3528.291351430085,64.8417202618499,-3.866688521243023,2335.693365288655,-0.5105969832619888,2452.882705,7046.018127,143.84264458459236,50.07496841244054
FULL,Wind_Offshore,168,SARIMAX,2908.9185861976543,3457.0080397480565,62.76938957559847,-3.6720281426095855,2335.693365288655,-0.4800778608714438,2452.882705,7046.018127,140.93654102176305,49.063286205594174
FULL,Wind_Offshore,168,XGBoost,1459.7913372877294,1770.9898928736015,5298989230.203872,0.0561849357642791,2335.693365288655,0.24177123624498764,2452.882705,7046.018127,72.20034978695003,25.134620163511276
FULL,Wind_Onshore,1,ARIMA,1190.4603831103989,1755.7761799408795,14.306561471420116,0.9722464204015234,2099.45523756009,0.1636991594155739,10888.026035,52498.654971,16.12575295372059,3.3444212635747745
FULL,Wind_Onshore,1,LSTM,1146.448457343577,1590.6419543401714,15.369875055908308,0.9772241042571552,2099.45523756009,0.24235490908167345,10888.026035,52498.654971,14.609093964571617,3.029871822847336
FULL,Wind_Onshore,1,LightGBM,1141.3278674876342,1603.888534629609,13.758070539572984,0.9768405060479408,2099.45523756009,0.23604537694569305,10888.026035,52498.654971,14.73075587323032,3.0551040507906135
FULL,Wind_Onshore,1,Persistence,1498.970458956502,2099.45523756009,18.066847636261933,0.9603179647232832,2099.45523756009,0.0,10888.026035,52498.654971,19.28223932245667,3.999064811698164
FULL,Wind_Onshore,1,RandomForest,1203.9070865571305,1721.9034945513722,13.399793703720691,0.973306942946562,2099.45523756009,0.17983319494227212,10888.026035,52498.654971,15.814652619457775,3.2799002098292673
FULL,Wind_Onshore,1,SARIMA,1138.4895811297388,1681.3008731173015,13.274298035416663,0.9745509498881072,2099.45523756009,0.1991727934760601,10888.026035,52498.654971,15.441741852129045,3.2025599018604267
FULL,Wind_Onshore,1,SARIMAX,1105.2686162228863,1610.4304014516158,13.441781332603108,0.9766511970026568,2099.45523756009,0.23292939394926138,10888.026035,52498.654971,14.790839003092223,3.067565068745494
FULL,Wind_Onshore,1,XGBoost,1149.3914314241276,1616.1617054958222,13.610390565669544,0.976484710812447,2099.45523756009,0.2301994933818804,10888.026035,52498.654971,14.843477599158975,3.0784821180439423
FULL,Wind_Onshore,6,ARIMA,13203.810339099997,16735.946608941835,160.80081941018355,-0.7450815541629217,7518.957802903165,-1.2258332933428449,10888.026035,52498.654971,153.70964906901816,31.878810263209008
FULL,Wind_Onshore,6,LSTM,2948.211862953936,3957.26521357753,38.20573246276943,0.8591452454317104,7518.957802903165,0.4736949830933245,10888.026035,52498.654971,36.3451116010996,7.537841142336892
FULL,Wind_Onshore,6,LightGBM,3046.95498534271,4127.934867420703,41.06159833362152,0.846616763358741,7518.957802903165,0.4509964046045245,10888.026035,52498.654971,37.91261018435563,7.862934526038722
FULL,Wind_Onshore,6,Persistence,5655.060651900902,7518.957802903165,74.98515552402458,0.491105777185717,7518.957802903165,0.0,10888.026035,52498.654971,69.05712549486171,14.322191315294841
FULL,Wind_Onshore,6,RandomForest,3246.2822145137184,4462.090295002057,40.20730765790125,0.8207789842440385,7518.957802903165,0.40655468324623567,10888.026035,52498.654971,40.98162771340266,8.49943736171316
FULL,Wind_Onshore,6,SARIMA,13335.696350317316,16881.00684630112,163.2865427109727,-0.7754639418510254,7518.957802903165,-1.24512589228565,10888.026035,52498.654971,155.0419404953335,32.15512255623712
FULL,Wind_Onshore,6,SARIMAX,13161.622522182504,16617.047217038627,160.7559698884905,-0.7203740076784433,7518.957802903165,-1.2100200124307885,10888.026035,52498.654971,152.61762934458878,31.652329428664032
FULL,Wind_Onshore,6,XGBoost,3072.8716577067607,4154.307603869193,41.51745879692969,0.8446506191832586,7518.957802903165,0.44748890567451216,10888.026035,52498.654971,38.154827978138584,7.9131695967525495
FULL,Wind_Onshore,24,ARIMA,15419.44197801166,18658.839353883213,55.71581891272126,-2.497376220692929,11651.06326244245,-0.6014709502119466,10888.026035,52498.654971,171.3702676123626,35.54155694882138
FULL,Wind_Onshore,24,LSTM,7109.6804934540405,9429.403224683538,123.37446997286162,0.2012664725278311,11651.06326244245,0.19068302932664527,10888.026035,52498.654971,86.6034228277223,17.961228206498422
FULL,Wind_Onshore,24,LightGBM,6357.126561045215,8340.65919651755,108.85077845744378,0.3752680809945385,11651.06326244245,0.28412892380355415,10888.026035,52498.654971,76.60396080709361,15.88737692637057
FULL,Wind_Onshore,24,Persistence,8877.734444571299,11651.06326244245,139.29694724953973,-0.2190571449783214,11651.06326244245,0.0,10888.026035,52498.654971,107.00804007071287,22.19307002984827
FULL,Wind_Onshore,24,RandomForest,6412.2279265718735,8435.41212108691,109.4223602133732,0.3609930904042849,11651.06326244245,0.27599636779256764,10888.026035,52498.654971,77.47420968659459,16.067863311444057
FULL,Wind_Onshore,24,SARIMA,15576.871030372276,18883.60518930782,56.876422162894336,-2.5821430518913577,11651.06326244245,-0.6207623942940625,10888.026035,52498.654971,173.4346072337236,35.969693318312686
FULL,Wind_Onshore,24,SARIMAX,15335.78416649052,18378.865840917,55.33057155795424,-2.3932082703467263,11651.06326244245,-0.5774410821510017,10888.026035,52498.654971,168.79887852800306,35.00826040413682
FULL,Wind_Onshore,24,XGBoost,6376.8956157494,8335.767645287247,112.06970079192376,0.3760006399002362,11651.06326244245,0.284548761128279,10888.026035,52498.654971,76.55903483782629,15.878059447221808
FULL,Wind_Onshore,72,ARIMA,13233.864658780814,16647.255030430217,50.72189059755359,-1.6179929200792151,13220.251425156086,-0.25922378440950644,10888.026035,52498.654971,152.8950700238679,31.709869594994537
FULL,Wind_Onshore,72,LSTM,8409.602806778697,11254.669868699317,133.4664983231185,-0.1353845249431411,13220.251425156086,0.14867958961178096,10888.026035,52498.654971,103.36740408702849,21.438015649955872
FULL,Wind_Onshore,72,LightGBM,7912.698332222128,10177.20516124864,130.0886963213576,0.0855985139619018,13220.251425156086,0.23018066495445022,10888.026035,52498.654971,93.47153587375342,19.385649340674494
FULL,Wind_Onshore,72,Persistence,10029.337167484871,13220.251425156086,169.68521637653265,-0.5429764358197986,13220.251425156086,0.0,10888.026035,52498.654971,121.42009380450645,25.18207644073717
FULL,Wind_Onshore,72,RandomForest,7844.983665417601,10083.803182821075,131.69565065228724,0.1023054571221191,13220.251425156086,0.2372457331913398,10888.026035,52498.654971,92.61369462569506,19.207736252274117
FULL,Wind_Onshore,72,SARIMA,14235.878434809383,17769.372529984445,55.81090092753722,-1.9828223373463256,13220.251425156086,-0.3441024651143991,10888.026035,52498.654971,163.20104739705872,33.84729102069407
FULL,Wind_Onshore,72,SARIMAX,12642.66798764836,15844.817191936314,47.73723330917584,-1.3716886101409895,13220.251425156086,-0.198526161294186,10888.026035,52498.654971,145.52515893149507,30.181377409933475
FULL,Wind_Onshore,72,XGBoost,7927.17125513151,10243.1688224096,131.69488323685238,0.0737066944815549,13220.251425156086,0.225191072923285,10888.026035,52498.654971,94.07737260622373,19.51129762861139
FULL,Wind_Onshore,168,ARIMA,10127.029362116018,11256.564517491017,53.340886983796175,-21.04854120414849,13435.841207965505,0.16219875307714215,10888.026035,52498.654971,103.38480530177219,21.441624597256993
FULL,Wind_Onshore,168,LSTM,8919.392045305904,11935.248111014342,141.47830287747806,-0.2845779986100021,13435.841207965505,0.11168583148046796,10888.026035,52498.654971,109.61810775110203,22.73438837167793
FULL,Wind_Onshore,168,LightGBM,7818.584437177752,10202.971813466356,125.44544124979844,0.0597010351172494,13435.841207965505,0.2406153321150093,10888.026035,52498.654971,93.70818714676554,19.43472993565726
FULL,Wind_Onshore,168,Persistence,10219.38503253796,13435.841207965505,189.1091008441616,-0.6305807436123927,13435.841207965505,0.0,10888.026035,52498.654971,123.40015687669602,25.59273416697513
FULL,Wind_Onshore,168,RandomForest,7828.168278278085,10245.307532053816,128.7477433848486,0.0518815836332584,13435.841207965505,0.23746437804133658,10888.026035,52498.654971,94.09701537376802,19.515371465637116
FULL,Wind_Onshore,168,SARIMA,13882.4812874813,15151.44284501099,73.12157106290509,-38.94625910143864,13435.841207965505,-0.12768844246450173,10888.026035,52498.654971,139.1569307081565,28.860630531164222
FULL,Wind_Onshore,168,SARIMAX,10867.580633680676,12463.048539180036,56.29854723316626,-26.028173849868743,13435.841207965505,0.07240281079004895,10888.026035,52498.654971,114.46563866689023,23.73974827748361
FULL,Wind_Onshore,168,XGBoost,7780.8694992405135,10252.723419595726,122.32545514578726,0.05050852885395,13435.841207965505,0.236912429902986,10888.026035,52498.654971,94.16512586062828,19.52949732761588
POST_2020,Solar,1,ARIMA,2412.913853982845,3931.1728641015775,2183.820437686128,0.8715701795895389,6240.092216252581,0.37001365879454906,5477.915011,54333.986103,71.76403533474932,7.235200555043616
POST_2020,Solar,1,LSTM,620.3290504722722,1033.4805049925917,1149.088860134495,0.9911402469631664,6240.092216252581,0.8343805717644928,5477.915011,54333.986103,18.866311414421318,1.9020885068756792
POST_2020,Solar,1,LightGBM,984.3657915945428,1854.0130241149627,166.25365259753778,0.9714341498310624,6240.092216252581,0.7028869189967886,5477.915011,54333.986103,33.84523163269213,3.412252914042312
POST_2020,Solar,1,Persistence,3793.505322782648,6240.092216252581,1418.0290713363763,0.6764036546499181,6240.092216252581,0.0,5477.915011,54333.986103,113.91363691700366,11.484694320831432
POST_2020,Solar,1,RandomForest,1142.7307813008067,2139.735764818059,31.07388087131593,0.9619511194106152,6240.092216252581,0.6570986949127086,5477.915011,54333.986103,39.06113476608042,3.9381166711417026
POST_2020,Solar,1,SARIMA,1990.659377833809,3358.297737269432,821.9262102054923,0.9062740208212262,6240.092216252581,0.4618192134208201,5477.915011,54333.986103,61.30613071808814,6.180841823206501
POST_2020,Solar,1,SARIMAX,1998.089897618505,3341.192302510036,975.6366118523506,0.9072263727271748,6240.092216252581,0.46456042848088674,5477.915011,54333.986103,60.99386894102428,6.149359806173975
POST_2020,Solar,1,XGBoost,977.0116371121384,1848.7288394607945,106.22195696910532,0.9715967507570106,6240.092216252581,0.7037337309462026,5477.915011,54333.986103,33.7487682037496,3.4025275376560646
POST_2020,Solar,6,ARIMA,11336.90298528913,16963.95499349044,153702.20475423653,-11.244858822331798,18425.86652180552,0.07934017792786185,5477.915011,54333.986103,309.6790468531502,31.221627953693957
POST_2020,Solar,6,LSTM,1587.466665873235,2750.8308588574464,3568.110599915796,0.937231031531366,18425.86652180552,0.8507081956985816,5477.915011,54333.986103,50.216749499282194,5.062818055797975
POST_2020,Solar,6,LightGBM,1505.119704798162,2804.249495544764,1342.7544559215223,0.9346485732487342,18425.86652180552,0.8478090844614465,5477.915011,54333.986103,51.19191316246517,5.1611333838618
POST_2020,Solar,6,Persistence,13903.679750654674,18425.86652180552,135891.51086434815,-1.8214841456673276,18425.86652180552,0.0,5477.915011,54333.986103,336.3664183326177,33.9122303430415
POST_2020,Solar,6,RandomForest,1444.33477541954,2880.4236901850563,40.27753461713423,0.9310499602368216,18425.86652180552,0.8436749942383275,5477.915011,54333.986103,52.5824822838796,5.301329603767128
POST_2020,Solar,6,SARIMA,8750.30366493242,13142.035444358826,127120.9037106618,-6.348942128928222,18425.86652180552,0.2867616060929188,5477.915011,54333.986103,239.90944397583363,24.187504703677906
POST_2020,Solar,6,SARIMAX,8590.892446098556,13062.784829806718,124685.19834492735,-6.260576497886093,18425.86652180552,0.2910626583369651,5477.915011,54333.986103,238.46271443744234,24.041646429260357
POST_2020,Solar,6,XGBoost,1505.3145490874415,2829.99835241028,1195.4360211435069,0.9334429387316908,18425.86652180552,0.8464116545584868,5477.915011,54333.986103,51.66196165379463,5.208523348619225
POST_2020,Solar,24,ARIMA,1892.4266959082763,3353.093587423973,14737.056511166693,-0.318790802357912,4249.8693024429895,0.211012539727637,5477.915011,54333.986103,61.21112833424302,6.1712637483794595
POST_2020,Solar,24,LSTM,1929.9834986815124,3316.071823920855,5333.716798427392,0.9087711644252066,4249.8693024429895,0.21972381079704062,5477.915011,54333.986103,60.53529157100782,6.103126351957014
POST_2020,Solar,24,LightGBM,1647.9936582131695,3309.6639193020883,485.4966250637612,0.9089702007349812,4249.8693024429895,0.22123159942834825,5477.915011,54333.986103,60.418314498419086,6.091332804164258
POST_2020,Solar,24,Persistence,2056.383098030286,4249.8693024429895,39.41580545321563,0.849904752037066,4249.8693024429895,0.0,5477.915011,54333.986103,77.5818773001951,7.821751370103024
POST_2020,Solar,24,RandomForest,1619.1335656983154,3270.565189802412,35.97525239593269,0.911108258598192,4249.8693024429895,0.23043158340837344,5477.915011,54333.986103,59.70456247011701,6.01937281686357
POST_2020,Solar,24,SARIMA,1416.1330343931234,3234.46179333078,1270.658399377762,-0.2271244527265707,4249.8693024429895,0.23892676147205605,5477.915011,54333.986103,59.04549060793707,5.952925646204691
POST_2020,Solar,24,SARIMAX,3087.74634494955,4534.665215330467,43172.28221256352,-1.411987309619779,4249.8693024429895,-0.06701286383648686,5477.915011,54333.986103,82.7808610798921,8.345909329630592
POST_2020,Solar,24,XGBoost,1649.835503456018,3334.590588436947,330.4230665572412,0.9075938589249168,4249.8693024429895,0.21536632043717308,5477.915011,54333.986103,60.873353853443845,6.137209558149519
POST_2020,Solar,72,ARIMA,1507.972325382363,2430.2434435962264,16541.789743357873,-0.525795423478995,4904.878848771646,0.504525286245379,5477.915011,54333.986103,44.364387521824334,4.472786956931994
POST_2020,Solar,72,LSTM,2150.1393268864977,4046.133216706229,2560.647339232957,0.8641806695830977,4904.878848771646,0.1750798864849591,5477.915011,54333.986103,73.8626504533447,7.446781484126793
POST_2020,Solar,72,LightGBM,1893.0957804337156,3809.610532402327,650.3652473115401,0.8793774567596085,4904.878848771646,0.2233018082890289,5477.915011,54333.986103,69.54490029057384,7.011468890172191
POST_2020,Solar,72,Persistence,2371.6187805988843,4904.878848771646,49.01336054974314,0.800048856143403,4904.878848771646,0.0,5477.915011,54333.986103,89.53915566273552,9.027275929053964
POST_2020,Solar,72,RandomForest,1814.8129800891795,3697.709115472879,41.20762177038356,0.8863595849316828,4904.878848771646,0.24611611632386887,5477.915011,54333.986103,67.5021264121047,6.805517836411257
POST_2020,Solar,72,SARIMA,1073.1347403233842,2223.493570003562,2101.481095293334,-0.2772282135011887,4904.878848771646,0.5466771680690129,5477.915011,54333.986103,40.59014361374074,4.092270288781176
POST_2020,Solar,72,SARIMAX,4135.2275977204345,5515.564104237858,77879.03589577624,-6.859168871567609,4904.878848771646,-0.12450567573532423,5477.915011,54333.986103,100.68728874329477,10.151223018650054
POST_2020,Solar,72,XGBoost,1871.9087502932969,3801.3195356041456,413.49764568265465,0.8799019160734769,4904.878848771646,0.22499216539137767,5477.915011,54333.986103,69.39354714286102,6.996209570190652
POST_2020,Solar,168,ARIMA,2717.8339824311647,4717.962214357075,12089.267058518704,-0.181246872225308,4849.278281008102,0.027079507308400474,5477.915011,54333.986103,86.12696993076943,8.683261716549408
POST_2020,Solar,168,LSTM,2399.472099568922,4506.557924461987,2673.3494383181146,0.8314922500979804,4849.278281008102,0.07067450797541519,5477.915011,54333.986103,82.26775909105075,8.294178740943067
POST_2020,Solar,168,LightGBM,1918.469714221732,3803.89532146162,553.1750181941092,0.8797220688124219,4849.278281008102,0.21557495754381828,5477.915011,54333.986103,69.44056842472287,7.000950223402791
POST_2020,Solar,168,Persistence,2471.7722589092564,4849.278281008102,72.31908027688884,0.8045286782006674,4849.278281008102,0.0,5477.915011,54333.986103,88.5241605842815,8.92494482516966
POST_2020,Solar,168,RandomForest,1866.945771209372,3767.115736807271,43.34796811441386,0.8820367412284806,4849.278281008102,0.22315950570192133,5477.915011,54333.986103,68.76915266561574,6.93325854956788
POST_2020,Solar,168,SARIMA,2347.795072281296,4883.251621353231,2545.7356359414875,-0.2654644834388284,4849.278281008102,-0.007005854969838188,5477.915011,54333.986103,89.14434801466165,8.987471694228608
POST_2020,Solar,168,SARIMAX,7480.211251077311,9206.896101479835,129094.0567505164,-3.4984017487195853,4849.278281008102,-0.8986116217619586,5477.915011,54333.986103,168.07300009203877,16.94500396865137
POST_2020,Solar,168,XGBoost,1909.2737114418344,3821.6934143866138,495.69589727879554,0.8785938958579773,4849.278281008102,0.2119047014987695,5477.915011,54333.986103,69.7654747602402,7.033707056099097
POST_2020,Wind_Offshore,1,ARIMA,447.8740762260468,636.2303076450102,25050399.165218465,0.8859998494820149,677.0918629362575,0.060348613722882805,2452.882705,7046.018127,25.938064887819827,9.029643355684914
POST_2020,Wind_Offshore,1,LSTM,577.2094064545133,784.4287496219808,747495209.3083994,0.8269346882286888,677.0918629362575,-0.15852632790512233,2452.882705,7046.018127,31.979872010308004,11.132936865661582
POST_2020,Wind_Offshore,1,LightGBM,454.4915582246754,622.6386422945809,1146155621.2068164,0.890818549742971,677.0918629362575,0.08042220505432784,2452.882705,7046.018127,25.383955010379548,8.83674482625385
POST_2020,Wind_Offshore,1,Persistence,482.9376636684504,677.0918629362575,37857252.865201086,0.8708864247813688,677.0918629362575,0.0,2452.882705,7046.018127,27.603923398214736,9.609567428469624
POST_2020,Wind_Offshore,1,RandomForest,457.355988619369,634.7598835817945,313538607.1751603,0.8865261835943338,677.0918629362575,0.06252028959687583,2452.882705,7046.018127,25.87811811334837,9.008774489940997
POST_2020,Wind_Offshore,1,SARIMA,447.46122671807024,631.1571475249418,241652574.84481093,0.8878106253237921,677.0918629362575,0.067841186588946,2452.882705,7046.018127,25.73124048036948,8.957642971515758
POST_2020,Wind_Offshore,1,SARIMAX,447.2931467367027,630.7216617809084,327669604.6663852,0.88796538874005,677.0918629362575,0.06848435743159187,2452.882705,7046.018127,25.713486441697118,8.951462377935329
POST_2020,Wind_Offshore,1,XGBoost,457.1408271973122,622.8585607835099,1392397924.739557,0.8907414094618418,677.0918629362575,0.08009740645465879,2452.882705,7046.018127,25.39292072604466,8.839866000298041
POST_2020,Wind_Offshore,6,ARIMA,2336.2329158417792,2832.355056794391,96.2529608497486,-2.066337248902047,1833.604413535696,-0.5446925388518389,2452.882705,7046.018127,115.47046465046486,40.197953024573465
POST_2020,Wind_Offshore,6,LSTM,1057.3127794193206,1338.1809704222326,6829537897.683374,0.496293187978728,1833.604413535696,0.27019101800597767,2452.882705,7046.018127,54.55544073487332,18.99201714077896
POST_2020,Wind_Offshore,6,LightGBM,1004.7655095351956,1259.9512020064778,9263035286.42878,0.5527523244180181,1833.604413535696,0.31285549232675347,2452.882705,7046.018127,51.36614153779839,17.88174795035519
POST_2020,Wind_Offshore,6,Persistence,1424.920699077764,1833.604413535696,3179722416.654529,0.0527776581732596,1833.604413535696,0.0,2452.882705,7046.018127,74.75304097493304,26.023271307086375
POST_2020,Wind_Offshore,6,RandomForest,1017.7401069722592,1286.6233459080693,7317778641.986722,0.5336161570156954,1833.604413535696,0.29830920104129555,2452.882705,7046.018127,52.45352104629354,18.260290034988568
POST_2020,Wind_Offshore,6,SARIMA,2343.0643131073584,2844.429460512993,96.4664881311244,-2.0925367265030426,1833.604413535696,-0.5512776035634355,2452.882705,7046.018127,115.96271826267342,40.36931795013806
POST_2020,Wind_Offshore,6,SARIMAX,2337.8803973967483,2841.3562478953468,96.315205186424,-2.085857785228492,1833.604413535696,-0.5496015535959726,2452.882705,7046.018127,115.83742843077964,40.32570164711054
POST_2020,Wind_Offshore,6,XGBoost,1010.4027610282808,1271.5318692304947,10786368652.372862,0.544492910116072,1833.604413535696,0.3065396986154555,2452.882705,7046.018127,51.83826632388828,18.04610556362389
POST_2020,Wind_Offshore,24,ARIMA,2048.055472895335,2558.0188189376217,87.82613326796249,-1.0906177599165785,2349.3240535455484,-0.08883183444919651,2452.882705,7046.018127,104.28622672104584,36.304459807382806
POST_2020,Wind_Offshore,24,LSTM,1545.7419784722065,1888.1241783144872,47181653797.24132,-0.0051365892003933,2349.3240535455484,0.19631173253218448,2452.882705,7046.018127,76.97572225796615,26.797038331185764
POST_2020,Wind_Offshore,24,LightGBM,1470.0151056297227,1779.9136577353624,35417788276.33949,0.1074609760203995,2349.3240535455484,0.24237201119651597,2452.882705,7046.018127,72.5641570266346,25.26126992087658
POST_2020,Wind_Offshore,24,Persistence,1873.213936012752,2349.3240535455484,10646704491.454624,-0.5549455758592163,2349.3240535455484,0.0,2452.882705,7046.018127,95.77808383403921,33.3425774841971
POST_2020,Wind_Offshore,24,RandomForest,1464.559339315742,1771.8732706988185,33337450034.586662,0.1155064790337889,2349.3240535455484,0.24579443690420388,2452.882705,7046.018127,72.2363636502879,25.147157426534086
POST_2020,Wind_Offshore,24,SARIMA,2074.406262118733,2586.61266387472,88.84453910349983,-1.137617341739225,2349.3240535455484,-0.10100292889397733,2452.882705,7046.018127,105.45195082513007,36.71027546697539
POST_2020,Wind_Offshore,24,SARIMAX,2100.6794853382776,2586.8029855643454,90.62660323577563,-1.1379319229807794,2349.3240535455484,-0.1010839401488266,2452.882705,7046.018127,105.45970992788853,36.712976591017295
POST_2020,Wind_Offshore,24,XGBoost,1478.0376316171755,1791.959256009836,38261152940.89688,0.0953395499743133,2349.3240535455484,0.2372447499077659,2452.882705,7046.018127,73.05523628818754,25.432226027678457
POST_2020,Wind_Offshore,72,ARIMA,2344.287225308284,2781.353534822023,55.64538517444889,-3.235742111497524,2507.353750097257,-0.10927847126243662,2452.882705,7046.018127,113.39121634933713,39.474118355784675
POST_2020,Wind_Offshore,72,LSTM,1627.4630817648945,1947.9072816690384,33219676904.557102,-0.0627996272957338,2507.353750097257,0.2231222731960013,2452.882705,7046.018127,79.4129812117958,27.64550483066105
POST_2020,Wind_Offshore,72,LightGBM,1562.0643333826874,1886.6315950119676,32440046061.434235,0.0011717386591247,2507.353750097257,0.24756066233622298,2452.882705,7046.018127,76.914872087696,26.775854972363565
POST_2020,Wind_Offshore,72,Persistence,2024.6648354776275,2507.353750097257,38825857791.02257,-0.7642000784958101,2507.353750097257,0.0,2452.882705,7046.018127,102.22069506161964,35.585400220433705
POST_2020,Wind_Offshore,72,RandomForest,1559.410018164407,1898.303069819053,32811860635.23759,-0.0112248085800295,2507.353750097257,0.24290576479468828,2452.882705,7046.018127,77.3906989498323,26.94150136436419
POST_2020,Wind_Offshore,72,SARIMA,2392.3004760910576,2841.5642258939515,56.87028982061225,-3.421117666425367,2507.353750097257,-0.13329211156731713,2452.882705,7046.018127,115.84590735226173,40.328653356783384
POST_2020,Wind_Offshore,72,SARIMAX,2357.275251189037,2862.9323192250563,55.56451107796102,-3.487859819685469,2507.353750097257,-0.14181428093822301,2452.882705,7046.018127,116.71704942878858,40.631918164593394
POST_2020,Wind_Offshore,72,XGBoost,1582.2586314333716,1924.0405628325375,32644100266.775955,-0.0388313871360064,2507.353750097257,0.23264096150855995,2452.882705,7046.018127,78.43997427641112,27.306778497485084
POST_2020,Wind_Offshore,168,ARIMA,2164.816653821806,2846.9693686016985,241.9016186023071,-0.8319166042795396,2369.640213634288,-0.20143528634473018,2452.882705,7046.018127,116.06626614466258,40.40536537498037
POST_2020,Wind_Offshore,168,LSTM,1816.135335076684,2202.833325457991,36959631414.67324,-0.3653392191988702,2369.640213634288,0.07039333955278693,2452.882705,7046.018127,89.80589740258253,31.263520555203236
POST_2020,Wind_Offshore,168,LightGBM,1564.9638707956003,1885.1116175652935,35412483021.5925,0.0010214990240009,2369.640213634288,0.2044734864310388,2452.882705,7046.018127,76.85290510315264,26.754282824530883
POST_2020,Wind_Offshore,168,Persistence,1893.254184219515,2369.640213634288,19943357102.381565,-0.5785081364232347,2369.640213634288,0.0,2452.882705,7046.018127,96.60634031965618,33.630912820873135
POST_2020,Wind_Offshore,168,RandomForest,1573.0402309106048,1881.3521288308184,35099159382.87758,0.0050020627529874,2369.640213634288,0.20606000944531078,2452.882705,7046.018127,76.69963692091092,26.70092660734959
POST_2020,Wind_Offshore,168,SARIMA,2282.120979973168,2964.620508774233,250.23055775768813,-0.9864531530828348,2369.640213634288,-0.2510846548419394,2452.882705,7046.018127,120.86270993435997,42.075118958521415
POST_2020,Wind_Offshore,168,SARIMAX,2438.684588501647,3195.555537047159,262.58827023776325,-1.3079842969542583,2369.640213634288,-0.348540389659481,2452.882705,7046.018127,130.27755181824557,45.35264428006429
POST_2020,Wind_Offshore,168,XGBoost,1578.360817606189,1902.002909243902,32371773437.5796,-0.0169611348580576,2369.640213634288,0.19734527701704407,2452.882705,7046.018127,77.5415353276708,26.994011013901865
POST_2020,Wind_Onshore,1,ARIMA,1199.4582606427946,1720.3803678574593,14.6629774118076,0.97079698062708,2075.812581825439,0.17122558032450974,10888.026035,52498.654971,15.800663612735926,3.27699894179725
POST_2020,Wind_Onshore,1,LSTM,1191.469692945453,1633.9993275160923,16.561826734295835,0.9735625092081134,2075.812581825439,0.21283870142111894,10888.026035,52498.654971,15.00730547726039,3.1124594114243602
POST_2020,Wind_Onshore,1,LightGBM,1094.3551392640802,1515.856686171817,14.571501384661872,0.9773277256596364,2075.812581825439,0.2697526262998199,10888.026035,52498.654971,13.922236053615544,2.887420043445244
POST_2020,Wind_Onshore,1,Persistence,1498.2983889331665,2075.812581825439,18.491591723237864,0.9574837374234292,2075.812581825439,0.0,10888.026035,52498.654971,19.065095685413088,3.954030027954254
POST_2020,Wind_Onshore,1,RandomForest,1189.2935185955384,1676.9109518385935,14.81243826741618,0.9722541008843452,2075.812581825439,0.19216649589629964,10888.026035,52498.654971,15.401423053619594,3.1941979328135375
POST_2020,Wind_Onshore,1,SARIMA,1144.2361770676962,1636.1277708289672,14.384233246140898,0.973587273577127,2075.812581825439,0.2118133471422643,10888.026035,52498.654971,15.0268539546982,3.116513693032243
POST_2020,Wind_Onshore,1,SARIMAX,1106.4541663622656,1578.5608060770328,14.807901355055431,0.9754132326512542,2075.812581825439,0.23954560257609103,10888.026035,52498.654971,14.498135851279976,3.0068595223039942
POST_2020,Wind_Onshore,1,XGBoost,1092.3936878428242,1518.481847202772,14.40758659070034,0.9772491299604644,2075.812581825439,0.26848798369482774,10888.026035,52498.654971,13.946346585887566,2.892420478280013
POST_2020,Wind_Onshore,6,ARIMA,14872.313581375984,18613.145466540213,96.26040715995867,-1.6350134241642331,7306.075393996746,-1.5476257036485355,10888.026035,52498.654971,170.95059661602116,35.45451874304594
POST_2020,Wind_Onshore,6,LSTM,3258.0302144159687,4345.127114178037,48.91370015630788,0.813410457437001,7306.075393996746,0.4052720674428928,10888.026035,52498.654971,39.9073909284424,8.276644642759445
POST_2020,Wind_Onshore,6,LightGBM,3009.9614638540083,4087.318148926446,44.18487807765633,0.8353040979087056,7306.075393996746,0.44055899665572673,10888.026035,52498.654971,37.53956994396961,7.785567365838726
POST_2020,Wind_Onshore,6,Persistence,5521.181970852784,7306.075393996746,76.71499763194007,0.4737716941849937,7306.075393996746,0.0,10888.026035,52498.654971,67.10192803094951,13.916690623850432
POST_2020,Wind_Onshore,6,RandomForest,3102.3011770442918,4238.088386226141,44.13635330587799,0.8229296174563153,7306.075393996746,0.4199227139500241,10888.026035,52498.654971,38.924304300913995,8.072756127880305
POST_2020,Wind_Onshore,6,SARIMA,14938.371383232348,18675.250344834327,96.6380823543794,-1.6526268041316174,7306.075393996746,-1.5561261467653895,10888.026035,52498.654971,171.52099273827946,35.57281678006883
POST_2020,Wind_Onshore,6,SARIMAX,14697.67648182331,18455.088284731955,95.31881798142972,-1.5904519636791754,7306.075393996746,-1.5259920394328432,10888.026035,52498.654971,169.498936036774,35.15344973109588
POST_2020,Wind_Onshore,6,XGBoost,3016.96764567663,4099.531372450093,44.92961625925665,0.8343183791546293,7306.075393996746,0.43888734356360537,10888.026035,52498.654971,37.65174108944986,7.808831244752183
POST_2020,Wind_Onshore,24,ARIMA,9389.738106177892,11926.96358394581,67.3105098372036,-0.4465515037074141,10952.447252656711,-0.08897703945140778,10888.026035,52498.654971,109.54201933028173,22.718607915829853
POST_2020,Wind_Onshore,24,LSTM,7350.220741618209,9644.055135222236,179.9687214635055,0.0872897963354716,10952.447252656711,0.11946116582456967,10888.026035,52498.654971,88.57487210464991,18.37009946359495
POST_2020,Wind_Onshore,24,LightGBM,6540.622133328199,8303.068187246272,145.54565840247193,0.3267798055598087,10952.447252656711,0.24189836337881343,10888.026035,52498.654971,76.25870989429785,15.815773169489475
POST_2020,Wind_Onshore,24,Persistence,8390.502106341797,10952.447252656711,154.47624066708696,-0.1713920345613999,10952.447252656711,0.0,10888.026035,52498.654971,100.59167031241131,20.86233877554918
POST_2020,Wind_Onshore,24,RandomForest,6550.655358584026,8290.302564299633,146.27560892798516,0.3288483104670494,10952.447252656711,0.24306391320089016,10888.026035,52498.654971,76.14146529086283,15.79145707424153
POST_2020,Wind_Onshore,24,SARIMA,9988.437707936164,12595.204574570216,72.39796746270055,-0.613186452762839,10952.447252656711,-0.14998997794899438,10888.026035,52498.654971,115.6794127244224,23.991480508458253
POST_2020,Wind_Onshore,24,SARIMAX,9096.366863185098,11543.980013183926,65.93474856517642,-0.3551433770712311,10952.447252656711,-0.054009185972909046,10888.026035,52498.654971,106.02454454163991,21.98909671030765
POST_2020,Wind_Onshore,24,XGBoost,6607.246288537138,8380.749665993684,149.2892423591053,0.3141239109414706,10952.447252656711,0.23480574955877698,10888.026035,52498.654971,76.9721677653362,15.963741681807216
POST_2020,Wind_Onshore,72,ARIMA,8005.3856151008,9827.517805372752,51.05543916917743,-1.2774199345043349,13136.621403454004,0.25189913726304025,10888.026035,52498.654971,90.25986688295747,18.71956112171145
POST_2020,Wind_Onshore,72,LSTM,8535.930913415397,11208.861724727913,232.3318477860304,-0.2472529746552751,13136.621403454004,0.14674699220754184,10888.026035,52498.654971,102.94668371196553,21.350759806931496
POST_2020,Wind_Onshore,72,LightGBM,8028.609934877415,10199.108101471022,214.1603808872927,-0.0298598957190303,13136.621403454004,0.22361254174613143,10888.026035,52498.654971,93.67270126545965,19.427370295686543
POST_2020,Wind_Onshore,72,Persistence,9976.990720710464,13136.621403454004,217.97774419393315,-0.7085241582116324,13136.621403454004,0.0,10888.026035,52498.654971,120.65200212807908,25.022777080118736
POST_2020,Wind_Onshore,72,RandomForest,8161.492670470655,10283.497043513622,219.12175771512003,-0.046972830363632,13136.621403454004,0.2171885960868304,10888.026035,52498.654971,94.4477631708163,19.58811525589403
POST_2020,Wind_Onshore,72,SARIMA,9474.11726453345,11641.911412707845,61.11104610265888,-2.195979755013074,13136.621403454004,0.11378191886942535,10888.026035,52498.654971,106.92398581050824,22.17563748850095
POST_2020,Wind_Onshore,72,SARIMAX,7458.975472982097,9590.363837160852,46.3654851523799,-1.168830471709192,13136.621403454004,0.26995202627676673,10888.026035,52498.654971,88.08174967925535,18.267827704268846
POST_2020,Wind_Onshore,72,XGBoost,8134.24255596944,10356.539914826451,218.0021541210969,-0.0618987831690667,13136.621403454004,0.21162834820653265,10888.026035,52498.654971,95.11861820990265,19.727248099112927
POST_2020,Wind_Onshore,168,ARIMA,9705.247156981071,11476.49663192267,73.96529873686934,-9.701965425698052,12457.419473174732,0.07874205756371444,10888.026035,52498.654971,105.40475008997046,21.86055364325473
POST_2020,Wind_Onshore,168,LSTM,9306.060506691874,12076.587726051055,222.9076935497007,-0.3966249640887458,12457.419473174732,0.030570677012501934,10888.026035,52498.654971,110.9162274890818,23.00361358347581
POST_2020,Wind_Onshore,168,LightGBM,7987.262430456901,10224.652298104029,194.73637013493052,-0.0034003484488103,12457.419473174732,0.17923191716218978,10888.026035,52498.654971,93.90730941711996,19.47602715489011
POST_2020,Wind_Onshore,168,Persistence,9365.122395536831,12457.419473174732,183.68860098522308,-0.4894753767893836,12457.419473174732,0.0,10888.026035,52498.654971,114.41393906599646,23.729025972296142
POST_2020,Wind_Onshore,168,RandomForest,7953.147950856911,10486.412633408863,186.85658043469252,-0.0554338940015555,12457.419473174732,0.15821951279798752,10888.026035,52498.654971,96.31142136967586,19.974631043788655
POST_2020,Wind_Onshore,168,SARIMA,12788.514173705737,15078.146474434365,96.50912766012154,-17.473143005281617,12457.419473174732,-0.2103747896506971,10888.026035,52498.654971,138.48374743011317,28.721014819833876
POST_2020,Wind_Onshore,168,SARIMAX,8916.220198054594,10384.38148876144,71.41282395420887,-7.762058433331239,12457.419473174732,0.1664099044651488,10888.026035,52498.654971,95.37432639654264,19.780281027195308
POST_2020,Wind_Onshore,168,XGBoost,7952.717419901973,10289.59942830176,189.52982282258927,-0.0161880589919019,12457.419473174732,0.17401838715803553,10888.026035,52498.654971,94.50380992133401,19.599739143766033
POST_2021,Solar,1,ARIMA,2412.913853982845,3931.1728641015775,2183.820437686128,0.8715701795895389,6240.092216252581,0.37001365879454906,5477.915011,54333.986103,71.76403533474932,7.235200555043616
POST_2021,Solar,1,LSTM,543.7560343037236,992.3869214869724,526.2358516836604,0.9918308080071148,6240.092216252581,0.8409659846208267,5477.915011,54333.986103,18.11614308535632,1.82645705324421
POST_2021,Solar,1,LightGBM,999.4506868996258,1885.943416807359,140.81007117851487,0.9704417369414108,6240.092216252581,0.6977699445057334,5477.915011,54333.986103,34.42812480697976,3.471019801919573
POST_2021,Solar,1,Persistence,3793.505322782648,6240.092216252581,1418.0290713363763,0.6764036546499181,6240.092216252581,0.0,5477.915011,54333.986103,113.91363691700366,11.484694320831432
POST_2021,Solar,1,RandomForest,1136.5735699144443,2135.530845583319,31.28975058478128,0.9621005166093004,6240.092216252581,0.6577725502162869,5477.915011,54333.986103,38.984373457694,3.9303776489636344
POST_2021,Solar,1,SARIMA,1990.659377833809,3358.297737269432,821.9262102054923,0.9062740208212262,6240.092216252581,0.4618192134208201,5477.915011,54333.986103,61.30613071808814,6.180841823206501
POST_2021,Solar,1,SARIMAX,1998.089897618505,3341.192302510036,975.6366118523506,0.9072263727271748,6240.092216252581,0.46456042848088674,5477.915011,54333.986103,60.99386894102428,6.149359806173975
POST_2021,Solar,1,XGBoost,993.7482343273554,1876.9119300395168,138.18514577287772,0.970724158838476,6240.092216252581,0.6992172767653944,5477.915011,54333.986103,34.263253925454464,3.4543976333366877
POST_2021,Solar,6,ARIMA,11336.90298528913,16963.95499349044,153702.20475423653,-11.244858822331798,18425.86652180552,0.07934017792786185,5477.915011,54333.986103,309.6790468531502,31.221627953693957
POST_2021,Solar,6,LSTM,1650.943640906672,2844.5473824553437,3112.4825961696283,0.9328812961602956,18425.86652180552,0.8456220564124324,5477.915011,54333.986103,51.92755595410503,5.235300382826661
POST_2021,Solar,6,LightGBM,1517.2251512152516,2816.5689379534583,1343.2612799661113,0.9340731169062872,18425.86652180552,0.8471404894515937,5477.915011,54333.986103,51.41680607124444,5.183806931842139
POST_2021,Solar,6,Persistence,13903.679750654674,18425.86652180552,135891.51086434815,-1.8214841456673276,18425.86652180552,0.0,5477.915011,54333.986103,336.3664183326177,33.9122303430415
POST_2021,Solar,6,RandomForest,1466.5632012011963,2903.4798463571674,45.37732474591021,0.9299417307045996,18425.86652180552,0.8424237013265491,5477.915011,54333.986103,53.003375198899505,5.343763737217973
POST_2021,Solar,6,SARIMA,8750.30366493242,13142.035444358826,127120.9037106618,-6.348942128928222,18425.86652180552,0.2867616060929188,5477.915011,54333.986103,239.90944397583363,24.187504703677906
POST_2021,Solar,6,SARIMAX,8590.892446098556,13062.784829806718,124685.19834492735,-6.260576497886093,18425.86652180552,0.2910626583369651,5477.915011,54333.986103,238.46271443744234,24.041646429260357
POST_2021,Solar,6,XGBoost,1503.2106449477146,2818.319954909745,1327.990797994887,0.933991119997242,18425.86652180552,0.8470454590792519,5477.915011,54333.986103,51.44877109722185,5.187029623718577
POST_2021,Solar,24,ARIMA,1892.4266959082763,3353.093587423973,14737.056511166693,-0.318790802357912,4249.8693024429895,0.211012539727637,5477.915011,54333.986103,61.21112833424302,6.1712637483794595
POST_2021,Solar,24,LSTM,2018.252281895476,3353.999821479261,6180.330345014192,0.9066723468714316,4249.8693024429895,0.21079930162764016,5477.915011,54333.986103,61.227671746352705,6.172931643780268
POST_2021,Solar,24,LightGBM,1652.5252758195793,3327.645145803364,487.15454100678966,0.9079783937861212,4249.8693024429895,0.2170005924910433,5477.915011,54333.986103,60.74656395948535,6.124426688473038
POST_2021,Solar,24,Persistence,2056.383098030286,4249.8693024429895,39.41580545321563,0.849904752037066,4249.8693024429895,0.0,5477.915011,54333.986103,77.5818773001951,7.821751370103024
POST_2021,Solar,24,RandomForest,1622.399643790606,3275.5457749226016,35.974762391161875,0.9108373146071445,4249.8693024429895,0.2292596449872727,5477.915011,54333.986103,59.79548365290623,6.028539427814491
POST_2021,Solar,24,SARIMA,1416.1330343931234,3234.46179333078,1270.658399377762,-0.2271244527265707,4249.8693024429895,0.23892676147205605,5477.915011,54333.986103,59.04549060793707,5.952925646204691
POST_2021,Solar,24,SARIMAX,3087.74634494955,4534.665215330467,43172.28221256352,-1.411987309619779,4249.8693024429895,-0.06701286383648686,5477.915011,54333.986103,82.7808610798921,8.345909329630592
POST_2021,Solar,24,XGBoost,1646.565661815709,3334.670713953867,364.8471408320935,0.9075894180926296,4249.8693024429895,0.21534746679457428,5477.915011,54333.986103,60.8748165544306,6.137357026654347
POST_2021,Solar,72,ARIMA,1507.972325382363,2430.2434435962264,16541.789743357873,-0.525795423478995,4904.878848771646,0.504525286245379,5477.915011,54333.986103,44.364387521824334,4.472786956931994
POST_2021,Solar,72,LSTM,2514.615138428092,4403.040955707526,7019.556847386368,0.8391627346992777,4904.878848771646,0.1023140241659174,5477.915011,54333.986103,80.37804432646256,8.103659001496332
POST_2021,Solar,72,LightGBM,1890.4606845341127,3811.899913672335,628.9006558192748,0.8792324372279775,4904.878848771646,0.22283505236281853,5477.915011,54333.986103,69.5866932221073,7.015682424709613
POST_2021,Solar,72,Persistence,2371.6187805988843,4904.878848771646,49.01336054974314,0.800048856143403,4904.878848771646,0.0,5477.915011,54333.986103,89.53915566273552,9.027275929053964
POST_2021,Solar,72,RandomForest,1808.309495084833,3682.1153232714096,39.50187824835039,0.8873160411532537,4904.878848771646,0.2492953573779828,5477.915011,54333.986103,67.21745985247104,6.776817950170796
POST_2021,Solar,72,SARIMA,1073.1347403233842,2223.493570003562,2101.481095293334,-0.2772282135011887,4904.878848771646,0.5466771680690129,5477.915011,54333.986103,40.59014361374074,4.092270288781176
POST_2021,Solar,72,SARIMAX,4135.2275977204345,5515.564104237858,77879.03589577624,-6.859168871567609,4904.878848771646,-0.12450567573532423,5477.915011,54333.986103,100.68728874329477,10.151223018650054
POST_2021,Solar,72,XGBoost,1866.512787887278,3794.377381998797,421.3223159829839,0.8803401733843728,4904.878848771646,0.2264075221859878,5477.915011,54333.986103,69.26681729051012,6.983432753867646
POST_2021,Solar,168,ARIMA,2717.8339824311647,4717.962214357075,12089.267058518704,-0.181246872225308,4849.278281008102,0.027079507308400474,5477.915011,54333.986103,86.12696993076943,8.683261716549408
POST_2021,Solar,168,LSTM,2804.902742734251,5230.695799483016,3315.361287941643,0.7729879599719436,4849.278281008102,-0.07865449173513372,5477.915011,54333.986103,95.48698344131752,9.626931824157493
POST_2021,Solar,168,LightGBM,1930.957195411365,3824.439689828269,736.1170081383772,0.8784193478959827,4849.278281008102,0.21133837486570928,5477.915011,54333.986103,69.81560835004836,7.038761490052183
POST_2021,Solar,168,Persistence,2471.7722589092564,4849.278281008102,72.31908027688884,0.8045286782006674,4849.278281008102,0.0,5477.915011,54333.986103,88.5241605842815,8.92494482516966
POST_2021,Solar,168,RandomForest,1862.022320157218,3762.928133852138,44.41527171784128,0.882298856206917,4849.278281008102,0.22402305749508877,5477.915011,54333.986103,68.69270746800453,6.9255513974601834
POST_2021,Solar,168,SARIMA,2347.795072281296,4883.251621353231,2545.7356359414875,-0.2654644834388284,4849.278281008102,-0.007005854969838188,5477.915011,54333.986103,89.14434801466165,8.987471694228608
POST_2021,Solar,168,SARIMAX,7480.211251077311,9206.896101479835,129094.0567505164,-3.4984017487195853,4849.278281008102,-0.8986116217619586,5477.915011,54333.986103,168.07300009203877,16.94500396865137
POST_2021,Solar,168,XGBoost,1908.882800111712,3838.211957979802,367.7963375687488,0.8775421180733787,4849.278281008102,0.20849830932328184,5477.915011,54333.986103,70.0670227681961,7.0641089183182135
POST_2021,Wind_Offshore,1,ARIMA,447.8740762260468,636.2303076450102,25050399.165218465,0.8859998494820149,677.0918629362575,0.060348613722882805,2452.882705,7046.018127,25.938064887819827,9.029643355684914
POST_2021,Wind_Offshore,1,LSTM,587.6251161357272,789.0778397235704,1131643253.1066022,0.8248771896048059,677.0918629362575,-0.16539258986465688,2452.882705,7046.018127,32.169407779471065,11.198918672943265
POST_2021,Wind_Offshore,1,LightGBM,457.3179792738477,620.9798977853121,1627274868.1338,0.8913995059606716,677.0918629362575,0.08287201223717533,2452.882705,7046.018127,25.316330720563833,8.813203238943528
POST_2021,Wind_Offshore,1,Persistence,482.9376636684504,677.0918629362575,37857252.865201086,0.8708864247813688,677.0918629362575,0.0,2452.882705,7046.018127,27.603923398214736,9.609567428469624
POST_2021,Wind_Offshore,1,RandomForest,456.741311931184,633.834987119211,301076538.50355285,0.8868566237266403,677.0918629362575,0.063886273318158,2452.882705,7046.018127,25.84041160334289,8.995647977265143
POST_2021,Wind_Offshore,1,SARIMA,447.46122671807024,631.1571475249418,241652574.84481093,0.8878106253237921,677.0918629362575,0.067841186588946,2452.882705,7046.018127,25.73124048036948,8.957642971515758
POST_2021,Wind_Offshore,1,SARIMAX,447.2931467367027,630.7216617809084,327669604.6663852,0.88796538874005,677.0918629362575,0.06848435743159187,2452.882705,7046.018127,25.713486441697118,8.951462377935329
POST_2021,Wind_Offshore,1,XGBoost,462.0959644761455,624.0855565368768,1517322635.6309023,0.8903105191115921,677.0918629362575,0.07828525093997596,2452.882705,7046.018127,25.44294332805762,8.85728003090726
POST_2021,Wind_Offshore,6,ARIMA,2336.2329158417792,2832.355056794391,96.2529608497486,-2.066337248902047,1833.604413535696,-0.5446925388518389,2452.882705,7046.018127,115.47046465046486,40.197953024573465
POST_2021,Wind_Offshore,6,LSTM,1086.6600052251883,1348.1207651645618,11674335089.90522,0.4887824893894474,1833.604413535696,0.26477011332830924,2452.882705,7046.018127,54.960669844364276,19.13308681393578
POST_2021,Wind_Offshore,6,LightGBM,1019.3462883458576,1276.7879755599768,13298702608.647678,0.5407192852906673,1833.604413535696,0.3036731553792583,2452.882705,7046.018127,52.052549147880136,18.12070239597294
POST_2021,Wind_Offshore,6,Persistence,1424.920699077764,1833.604413535696,3179722416.654529,0.0527776581732596,1833.604413535696,0.0,2452.882705,7046.018127,74.75304097493304,26.023271307086375
POST_2021,Wind_Offshore,6,RandomForest,1018.6873193489564,1291.494699615134,7555710429.402555,0.5300778696217097,1833.604413535696,0.29565249184540554,2452.882705,7046.018127,52.65211813767239,18.329426299177246
POST_2021,Wind_Offshore,6,SARIMA,2343.0643131073584,2844.429460512993,96.4664881311244,-2.0925367265030426,1833.604413535696,-0.5512776035634355,2452.882705,7046.018127,115.96271826267342,40.36931795013806
POST_2021,Wind_Offshore,6,SARIMAX,2337.8803973967483,2841.3562478953468,96.315205186424,-2.085857785228492,1833.604413535696,-0.5496015535959726,2452.882705,7046.018127,115.83742843077964,40.32570164711054
POST_2021,Wind_Offshore,6,XGBoost,1024.761963589349,1279.6922821036037,15423406238.662666,0.5386274593789222,1833.604413535696,0.30208922237703206,2452.882705,7046.018127,52.1709529564971,18.161921514222122
POST_2021,Wind_Offshore,24,ARIMA,2048.055472895335,2558.0188189376217,87.82613326796249,-1.0906177599165785,2349.3240535455484,-0.08883183444919651,2452.882705,7046.018127,104.28622672104584,36.304459807382806
POST_2021,Wind_Offshore,24,LSTM,1603.6450992570728,1991.3319030281575,43545560568.60092,-0.1180243916395182,2349.3240535455484,0.15238091568386103,2452.882705,7046.018127,81.1833317169627,28.26180499589506
POST_2021,Wind_Offshore,24,LightGBM,1488.6368890748188,1806.993736197415,45775154986.883125,0.0800957256970977,2349.3240535455484,0.2308452580348208,2452.882705,7046.018127,73.66816735728972,25.645601581311613
POST_2021,Wind_Offshore,24,Persistence,1873.213936012752,2349.3240535455484,10646704491.454624,-0.5549455758592163,2349.3240535455484,0.0,2452.882705,7046.018127,95.77808383403921,33.3425774841971
POST_2021,Wind_Offshore,24,RandomForest,1473.6353175097192,1792.4538051168702,38522544088.58366,0.0948401404555507,2349.3240535455484,0.23703424292968944,2452.882705,7046.018127,73.0753982431814,25.43924487290593
POST_2021,Wind_Offshore,24,SARIMA,2074.406262118733,2586.61266387472,88.84453910349983,-1.137617341739225,2349.3240535455484,-0.10100292889397733,2452.882705,7046.018127,105.45195082513007,36.71027546697539
POST_2021,Wind_Offshore,24,SARIMAX,2100.6794853382776,2586.8029855643454,90.62660323577563,-1.1379319229807794,2349.3240535455484,-0.1010839401488266,2452.882705,7046.018127,105.45970992788853,36.712976591017295
POST_2021,Wind_Offshore,24,XGBoost,1496.641903936001,1818.74783575278,45878225964.67643,0.0680892497964317,2349.3240535455484,0.22584207444351256,2452.882705,7046.018127,74.14736269473514,25.812420617872476
POST_2021,Wind_Offshore,72,ARIMA,2344.287225308284,2781.353534822023,55.64538517444889,-3.235742111497524,2507.353750097257,-0.10927847126243662,2452.882705,7046.018127,113.39121634933713,39.474118355784675
POST_2021,Wind_Offshore,72,LSTM,1754.013727614264,2157.616083909783,38384536488.53082,-0.3039567087095385,2507.353750097257,0.13948477201268794,2452.882705,7046.018127,87.96246471597112,30.621778783706258
POST_2021,Wind_Offshore,72,LightGBM,1580.9911680026737,1913.585194972822,33304182862.324028,-0.0275719014388995,2507.353750097257,0.23681084294603572,2452.882705,7046.018127,78.01372609754782,27.158391597660756
POST_2021,Wind_Offshore,72,Persistence,2024.6648354776275,2507.353750097257,38825857791.02257,-0.7642000784958101,2507.353750097257,0.0,2452.882705,7046.018127,102.22069506161964,35.585400220433705
POST_2021,Wind_Offshore,72,RandomForest,1570.234081652422,1899.7926003434247,32500043427.00684,-0.012812375068939,2507.353750097257,0.2423117000264784,2452.882705,7046.018127,77.45142466335032,26.962641396897794
POST_2021,Wind_Offshore,72,SARIMA,2392.3004760910576,2841.5642258939515,56.87028982061225,-3.421117666425367,2507.353750097257,-0.13329211156731713,2452.882705,7046.018127,115.84590735226173,40.328653356783384
POST_2021,Wind_Offshore,72,SARIMAX,2357.275251189037,2862.9323192250563,55.56451107796102,-3.487859819685469,2507.353750097257,-0.14181428093822301,2452.882705,7046.018127,116.71704942878858,40.631918164593394
POST_2021,Wind_Offshore,72,XGBoost,1582.4233310564389,1918.840495737844,34696795921.30202,-0.0332237163969586,2507.353750097257,0.2347148878919001,2452.882705,7046.018127,78.22797607999948,27.232976997106213
POST_2021,Wind_Offshore,168,ARIMA,2164.816653821806,2846.9693686016985,241.9016186023071,-0.8319166042795396,2369.640213634288,-0.20143528634473018,2452.882705,7046.018127,116.06626614466258,40.40536537498037
POST_2021,Wind_Offshore,168,LSTM,1657.0372387689738,1978.620951217522,31727446188.68425,-0.1015456408415595,2369.640213634288,0.1650120808074339,2452.882705,7046.018127,80.6651270843186,28.081405916847448
POST_2021,Wind_Offshore,168,LightGBM,1575.039433281882,1906.336634761756,34372004758.28774,-0.0216007191093619,2369.640213634288,0.1955164232134503,2452.882705,7046.018127,77.71821420061568,27.055517036732653
POST_2021,Wind_Offshore,168,Persistence,1893.254184219515,2369.640213634288,19943357102.381565,-0.5785081364232347,2369.640213634288,0.0,2452.882705,7046.018127,96.60634031965618,33.630912820873135
POST_2021,Wind_Offshore,168,RandomForest,1575.333216136497,1887.5129636784427,33651656157.189514,-0.0015252160150149,2369.640213634288,0.2034601063831596,2452.882705,7046.018127,76.9508040409312,26.788363720575518
POST_2021,Wind_Offshore,168,SARIMA,2282.120979973168,2964.620508774233,250.23055775768813,-0.9864531530828348,2369.640213634288,-0.2510846548419394,2452.882705,7046.018127,120.86270993435997,42.075118958521415
POST_2021,Wind_Offshore,168,SARIMAX,2438.684588501647,3195.555537047159,262.58827023776325,-1.3079842969542583,2369.640213634288,-0.348540389659481,2452.882705,7046.018127,130.27755181824557,45.35264428006429
POST_2021,Wind_Offshore,168,XGBoost,1580.5140124519362,1913.6287250096532,32781416290.053047,-0.0294312906493747,2369.640213634288,0.19243912472486935,2452.882705,7046.018127,78.01550074566869,27.159009393925917
POST_2021,Wind_Onshore,1,ARIMA,1199.4582606427946,1720.3803678574593,14.6629774118076,0.97079698062708,2075.812581825439,0.17122558032450974,10888.026035,52498.654971,15.800663612735926,3.27699894179725
POST_2021,Wind_Onshore,1,LSTM,1233.9397840913618,1682.0370511567628,18.13875569395236,0.9719851950840548,2075.812581825439,0.1896970536340018,10888.026035,52498.654971,15.448503206639904,3.203962181670962
POST_2021,Wind_Onshore,1,LightGBM,1112.3528184215734,1540.6945194663333,14.816856611189175,0.9765786525890232,2075.812581825439,0.25778727185887407,10888.026035,52498.654971,14.15035668094206,2.93473141419986
POST_2021,Wind_Onshore,1,Persistence,1498.2983889331665,2075.812581825439,18.491591723237864,0.9574837374234292,2075.812581825439,0.0,10888.026035,52498.654971,19.065095685413088,3.954030027954254
POST_2021,Wind_Onshore,1,RandomForest,1202.9417877934673,1689.3238029538095,15.11211886015218,0.9718418185308484,2075.812581825439,0.18618674067952556,10888.026035,52498.654971,15.515427659002741,3.2178420645004784
POST_2021,Wind_Onshore,1,SARIMA,1144.2361770676962,1636.1277708289672,14.384233246140898,0.973587273577127,2075.812581825439,0.2118133471422643,10888.026035,52498.654971,15.0268539546982,3.116513693032243
POST_2021,Wind_Onshore,1,SARIMAX,1106.4541663622656,1578.5608060770328,14.807901355055431,0.9754132326512542,2075.812581825439,0.23954560257609103,10888.026035,52498.654971,14.498135851279976,3.0068595223039942
POST_2021,Wind_Onshore,1,XGBoost,1102.4828525689472,1528.587171801811,14.712999375819305,0.9769453134575532,2075.812581825439,0.2636198541307645,10888.026035,52498.654971,14.039157941835423,2.911669208756291
POST_2021,Wind_Onshore,6,ARIMA,14872.313581375984,18613.145466540213,96.26040715995867,-1.6350134241642331,7306.075393996746,-1.5476257036485355,10888.026035,52498.654971,170.95059661602116,35.45451874304594
POST_2021,Wind_Onshore,6,LSTM,3483.92197941106,4614.735279716315,54.11853063489293,0.7895369236132364,7306.075393996746,0.3683701534878563,10888.026035,52498.654971,42.383580502857555,8.790197162699638
POST_2021,Wind_Onshore,6,LightGBM,3039.7651946012684,4116.451271655164,46.219839715663,0.8329479291688527,7306.075393996746,0.4365714765224612,10888.026035,52498.654971,37.80714023297396,7.841060449889757
POST_2021,Wind_Onshore,6,Persistence,5521.181970852784,7306.075393996746,76.71499763194007,0.4737716941849937,7306.075393996746,0.0,10888.026035,52498.654971,67.10192803094951,13.916690623850432
POST_2021,Wind_Onshore,6,RandomForest,3136.4285287623734,4259.786365856446,46.00197764790978,0.8211118616983447,7306.075393996746,0.4169528596219215,10888.026035,52498.654971,39.12358725230074,8.114086671762411
POST_2021,Wind_Onshore,6,SARIMA,14938.371383232348,18675.250344834327,96.6380823543794,-1.6526268041316174,7306.075393996746,-1.5561261467653895,10888.026035,52498.654971,171.52099273827946,35.57281678006883
POST_2021,Wind_Onshore,6,SARIMAX,14697.67648182331,18455.088284731955,95.31881798142972,-1.5904519636791754,7306.075393996746,-1.5259920394328432,10888.026035,52498.654971,169.498936036774,35.15344973109588
POST_2021,Wind_Onshore,6,XGBoost,3031.212665796307,4103.28150580678,45.60459588018809,0.8340151189509541,7306.075393996746,0.4383740538486144,10888.026035,52498.654971,37.6861838189642,7.815974538916116
POST_2021,Wind_Onshore,24,ARIMA,9389.738106177892,11926.96358394581,67.3105098372036,-0.4465515037074141,10952.447252656711,-0.08897703945140778,10888.026035,52498.654971,109.54201933028173,22.718607915829853
POST_2021,Wind_Onshore,24,LSTM,8612.097305047646,10840.207166570444,233.9189505567326,-0.1531576932268659,10952.447252656711,0.010247945824075178,10888.026035,52498.654971,99.5608123246965,20.64854265801385
POST_2021,Wind_Onshore,24,LightGBM,6627.080191402561,8375.350856944771,147.84540948436484,0.3150072976289146,10952.447252656711,0.2352986813140615,10888.026035,52498.654971,76.92258293672211,15.953457972535245
POST_2021,Wind_Onshore,24,Persistence,8390.502106341797,10952.447252656711,154.47624066708696,-0.1713920345613999,10952.447252656711,0.0,10888.026035,52498.654971,100.59167031241131,20.86233877554918
POST_2021,Wind_Onshore,24,RandomForest,6565.360028490817,8350.631640246009,148.9778037997591,0.3190447393700717,10952.447252656711,0.2375556396110089,10888.026035,52498.654971,76.69555173180672,15.906372543942043
POST_2021,Wind_Onshore,24,SARIMA,9988.437707936164,12595.204574570216,72.39796746270055,-0.613186452762839,10952.447252656711,-0.14998997794899438,10888.026035,52498.654971,115.6794127244224,23.991480508458253
POST_2021,Wind_Onshore,24,SARIMAX,9096.366863185098,11543.980013183926,65.93474856517642,-0.3551433770712311,10952.447252656711,-0.054009185972909046,10888.026035,52498.654971,106.02454454163991,21.98909671030765
POST_2021,Wind_Onshore,24,XGBoost,6699.811498065833,8451.610295483399,157.53877722308124,0.3024764854214151,10952.447252656711,0.22833590516189795,10888.026035,52498.654971,77.62298021987966,16.098717767439997
POST_2021,Wind_Onshore,72,ARIMA,8005.3856151008,9827.517805372752,51.05543916917743,-1.2774199345043349,13136.621403454004,0.25189913726304025,10888.026035,52498.654971,90.25986688295747,18.71956112171145
POST_2021,Wind_Onshore,72,LSTM,8578.492340495535,11160.076300354118,251.1020986435459,-0.2364195197831582,13136.621403454004,0.15046068866536677,10888.026035,52498.654971,102.498618799033,21.257832808324114
POST_2021,Wind_Onshore,72,LightGBM,7904.935256305509,10120.272000571624,217.47123828094192,-0.0140004009631748,13136.621403454004,0.22961378806953314,10888.026035,52498.654971,92.94863888127746,19.27720244673318
POST_2021,Wind_Onshore,72,Persistence,9976.990720710464,13136.621403454004,217.97774419393315,-0.7085241582116324,13136.621403454004,0.0,10888.026035,52498.654971,120.65200212807908,25.022777080118736
POST_2021,Wind_Onshore,72,RandomForest,8155.025316630248,10258.74731520882,216.10224889802157,-0.0419393070636646,13136.621403454004,0.21907262148001816,10888.026035,52498.654971,94.22045173506807,19.540971708467012
POST_2021,Wind_Onshore,72,SARIMA,9474.11726453345,11641.911412707845,61.11104610265888,-2.195979755013074,13136.621403454004,0.11378191886942535,10888.026035,52498.654971,106.92398581050824,22.17563748850095
POST_2021,Wind_Onshore,72,SARIMAX,7458.975472982097,9590.363837160852,46.3654851523799,-1.168830471709192,13136.621403454004,0.26995202627676673,10888.026035,52498.654971,88.08174967925535,18.267827704268846
POST_2021,Wind_Onshore,72,XGBoost,7940.288474733461,10094.528064417673,218.6620238590808,-0.0088481363879389,13136.621403454004,0.2315734956201505,10888.026035,52498.654971,92.71219624170996,19.228165121551857
POST_2021,Wind_Onshore,168,ARIMA,9705.247156981071,11476.49663192267,73.96529873686934,-9.701965425698052,12457.419473174732,0.07874205756371444,10888.026035,52498.654971,105.40475008997046,21.86055364325473
POST_2021,Wind_Onshore,168,LSTM,9997.65604202997,12308.435807252816,269.5246670719928,-0.4507649333265053,12457.419473174732,0.011959432388283231,10888.026035,52498.654971,113.04561329745951,23.44524029054065
POST_2021,Wind_Onshore,168,LightGBM,8099.146881268242,10376.07841445073,199.16182286458047,-0.0333409526608212,12457.419473174732,0.16707642085954244,10888.026035,52498.654971,95.29806763040799,19.76446524236178
POST_2021,Wind_Onshore,168,Persistence,9365.122395536831,12457.419473174732,183.68860098522308,-0.4894753767893836,12457.419473174732,0.0,10888.026035,52498.654971,114.41393906599646,23.729025972296142
POST_2021,Wind_Onshore,168,RandomForest,8133.873765968993,10562.171773306583,194.4925426745149,-0.0707389555276969,12457.419473174732,0.15213806550781184,10888.026035,52498.654971,97.0072237093671,20.118937864486384
POST_2021,Wind_Onshore,168,SARIMA,12788.514173705737,15078.146474434365,96.50912766012154,-17.473143005281617,12457.419473174732,-0.2103747896506971,10888.026035,52498.654971,138.48374743011317,28.721014819833876
POST_2021,Wind_Onshore,168,SARIMAX,8916.220198054594,10384.38148876144,71.41282395420887,-7.762058433331239,12457.419473174732,0.1664099044651488,10888.026035,52498.654971,95.37432639654264,19.780281027195308
POST_2021,Wind_Onshore,168,XGBoost,8022.323429161956,10216.764785495589,193.5036618550485,-0.0018528571449847,12457.419473174732,0.17986507498636228,10888.026035,52498.654971,93.83486733640592,19.46100293643576
