Period,Target,Horizon,Model,MAE,RMSE,MAPE,R2
FULL,Solar,1,SARIMA,1744.736507548079,2979.794869050402,1075.8949652135705,0.9081616602839279
FULL,Solar,1,ARIMA,2115.528800599253,3485.2611482720113,3225.3817586299137,0.8743617328264012
FULL,Solar,1,SARIMAX,1754.6487172479522,2963.3396093067045,1419.9631687598521,0.9091731735597455
FULL,Solar,6,SARIMA,7924.227634797986,12151.18656342153,125644.46978254155,-5.114359693113353
FULL,Solar,6,ARIMA,10390.412060584918,15517.869797371523,153542.17672917782,-8.971897668282015
FULL,Solar,6,SARIMAX,7790.94497689095,12057.783408566358,121851.87718923192,-5.020721836686233
FULL,Solar,24,SARIMA,1228.8538064766244,2545.491718593128,1637.1640683186758,-0.2873399256467255
FULL,Solar,24,ARIMA,1756.0149259987777,2778.4493859410327,22776.84918503209,-0.5337509381581553
FULL,Solar,24,SARIMAX,2610.0865181148233,3588.602286947745,55622.482719941676,-1.5585889557739199
FULL,Solar,72,SARIMA,1144.4378516318627,2355.3975498403624,2754.1340340323936,-0.2737995968999505
FULL,Solar,72,ARIMA,1586.6276207223045,2379.2987416625497,24259.77270695955,-0.2997823013248828
FULL,Solar,72,SARIMAX,4117.352376818666,5459.72723207711,107004.75636436425,-5.844071863131377
FULL,Solar,168,SARIMA,977.3740468805386,1896.4885688729755,2893.338026803819,-0.29503200506567206
FULL,Solar,168,ARIMA,1317.4638069973796,1956.7627448253088,16596.227334056828,-0.378657492009838
FULL,Solar,168,SARIMAX,7702.187855164684,9274.565333146405,209131.23418726324,-29.971851813632654
FULL,Wind_Onshore,1,SARIMA,1138.4895811297388,1681.3008731173015,13.274298035416665,0.9745509498881072
FULL,Wind_Onshore,1,ARIMA,1190.4603831103989,1755.7761799408795,14.306561471420117,0.9722464204015234
FULL,Wind_Onshore,1,SARIMAX,1105.2686162228863,1610.4304014516158,13.441781332603108,0.9766511970026568
FULL,Wind_Onshore,6,SARIMA,13335.696350317317,16881.00684630112,163.2865427109727,-0.7754639418510254
FULL,Wind_Onshore,6,ARIMA,13203.810339099995,16735.946608941835,160.80081941018355,-0.7450815541629217
FULL,Wind_Onshore,6,SARIMAX,13161.622522182503,16617.047217038627,160.7559698884905,-0.7203740076784433
FULL,Wind_Onshore,24,SARIMA,15576.871030372276,18883.60518930782,56.876422162894336,-2.5821430518913577
FULL,Wind_Onshore,24,ARIMA,15419.441978011659,18658.839353883213,55.71581891272126,-2.497376220692929
FULL,Wind_Onshore,24,SARIMAX,15335.78416649052,18378.865840917,55.33057155795424,-2.3932082703467263
FULL,Wind_Onshore,72,SARIMA,14235.878434809385,17769.372529984445,55.81090092753722,-1.9828223373463256
FULL,Wind_Onshore,72,ARIMA,13233.864658780814,16647.255030430217,50.72189059755359,-1.6179929200792151
FULL,Wind_Onshore,72,SARIMAX,12642.66798764836,15844.817191936314,47.737233309175835,-1.3716886101409895
FULL,Wind_Onshore,168,SARIMA,13882.4812874813,15151.44284501099,73.12157106290509,-38.94625910143864
FULL,Wind_Onshore,168,ARIMA,10127.029362116018,11256.564517491017,53.340886983796175,-21.04854120414849
FULL,Wind_Onshore,168,SARIMAX,10867.580633680676,12463.048539180036,56.29854723316626,-26.028173849868743
FULL,Wind_Offshore,1,SARIMA,413.17699761983766,600.429512348626,31759667.18926764,0.8923097594031738
FULL,Wind_Offshore,1,ARIMA,414.23693799908494,603.2695830133395,4208781.676009816,0.8912885863025568
FULL,Wind_Offshore,1,SARIMAX,414.0887746062927,600.6033474858182,61901278.06670563,0.8922473938555052
FULL,Wind_Offshore,6,SARIMA,2249.47334940056,2730.4422772347625,23068902817.46019,-1.1516841532421496
FULL,Wind_Offshore,6,ARIMA,2241.641770451625,2718.404487105922,18126555990.40394,-1.1327535748286874
FULL,Wind_Offshore,6,SARIMAX,2242.618387830199,2729.258500320222,23997236556.636707,-1.1498188423351703
FULL,Wind_Offshore,24,SARIMA,2678.428366583488,3159.9816070512984,74.05044989763074,-4.226897114164742
FULL,Wind_Offshore,24,ARIMA,2657.463373612698,3124.8347983016415,73.23117165258432,-4.111271690881509
FULL,Wind_Offshore,24,SARIMAX,2651.695599273498,3133.0736839969486,73.05220157454329,-4.138259804334751
FULL,Wind_Offshore,72,SARIMA,2901.0626872622474,3453.7963270094697,68.53694751650552,-4.4169861778340636
FULL,Wind_Offshore,72,ARIMA,2865.3503763225217,3392.2786071948067,66.98133995763862,-4.225734101412169
FULL,Wind_Offshore,72,SARIMAX,2958.307618454699,3472.3156014041983,68.93195756785585,-4.475233739921892
FULL,Wind_Offshore,168,SARIMA,2960.38523382202,3528.291351430085,64.8417202618499,-3.866688521243023
FULL,Wind_Offshore,168,ARIMA,2878.4811055570544,3367.2035336487447,63.0822903606342,-3.432445537626421
FULL,Wind_Offshore,168,SARIMAX,2908.9185861976543,3457.0080397480565,62.76938957559847,-3.6720281426095855
POST_2020,Solar,1,SARIMA,1990.659377833809,3358.297737269432,821.9262102054923,0.9062740208212262
POST_2020,Solar,1,ARIMA,2412.9138539828455,3931.1728641015784,2183.8204376861277,0.8715701795895389
POST_2020,Solar,1,SARIMAX,1998.089897618505,3341.192302510036,975.6366118523506,0.9072263727271748
POST_2020,Solar,6,SARIMA,8750.30366493242,13142.035444358826,127120.9037106618,-6.348942128928222
POST_2020,Solar,6,ARIMA,11336.90298528913,16963.95499349044,153702.20475423653,-11.244858822331798
POST_2020,Solar,6,SARIMAX,8590.892446098556,13062.784829806718,124685.19834492735,-6.260576497886093
POST_2020,Solar,24,SARIMA,1416.1330343931234,3234.46179333078,1270.658399377762,-0.22712445272657078
POST_2020,Solar,24,ARIMA,1892.4266959082763,3353.093587423973,14737.056511166693,-0.318790802357912
POST_2020,Solar,24,SARIMAX,3087.74634494955,4534.665215330467,43172.28221256352,-1.411987309619779
POST_2020,Solar,72,SARIMA,1073.1347403233842,2223.493570003562,2101.481095293334,-0.27722821350118876
POST_2020,Solar,72,ARIMA,1507.972325382363,2430.2434435962264,16541.789743357873,-0.525795423478995
POST_2020,Solar,72,SARIMAX,4135.2275977204345,5515.564104237858,77879.03589577624,-6.859168871567609
POST_2020,Solar,168,SARIMA,2347.795072281296,4883.251621353231,2545.7356359414875,-0.26546448343882845
POST_2020,Solar,168,ARIMA,2717.8339824311647,4717.962214357075,12089.267058518704,-0.181246872225308
POST_2020,Solar,168,SARIMAX,7480.211251077311,9206.896101479837,129094.05675051639,-3.4984017487195853
POST_2020,Wind_Onshore,1,SARIMA,1144.2361770676962,1636.1277708289672,14.384233246140898,0.973587273577127
POST_2020,Wind_Onshore,1,ARIMA,1199.4582606427946,1720.3803678574593,14.662977411807601,0.9707969806270801
POST_2020,Wind_Onshore,1,SARIMAX,1106.4541663622656,1578.5608060770328,14.807901355055433,0.9754132326512542
POST_2020,Wind_Onshore,6,SARIMA,14938.371383232348,18675.250344834327,96.63808235437939,-1.6526268041316174
POST_2020,Wind_Onshore,6,ARIMA,14872.313581375984,18613.145466540213,96.26040715995869,-1.6350134241642333
POST_2020,Wind_Onshore,6,SARIMAX,14697.67648182331,18455.088284731955,95.31881798142973,-1.5904519636791754
POST_2020,Wind_Onshore,24,SARIMA,9988.437707936164,12595.204574570216,72.39796746270055,-0.613186452762839
POST_2020,Wind_Onshore,24,ARIMA,9389.738106177892,11926.96358394581,67.3105098372036,-0.44655150370741414
POST_2020,Wind_Onshore,24,SARIMAX,9096.366863185098,11543.980013183926,65.93474856517642,-0.3551433770712311
POST_2020,Wind_Onshore,72,SARIMA,9474.11726453345,11641.911412707843,61.11104610265888,-2.195979755013074
POST_2020,Wind_Onshore,72,ARIMA,8005.3856151008,9827.517805372752,51.05543916917743,-1.2774199345043349
POST_2020,Wind_Onshore,72,SARIMAX,7458.975472982097,9590.363837160852,46.3654851523799,-1.168830471709192
POST_2020,Wind_Onshore,168,SARIMA,12788.514173705735,15078.146474434365,96.50912766012154,-17.473143005281617
POST_2020,Wind_Onshore,168,ARIMA,9705.247156981071,11476.49663192267,73.96529873686934,-9.701965425698052
POST_2020,Wind_Onshore,168,SARIMAX,8916.220198054594,10384.38148876144,71.41282395420887,-7.762058433331239
POST_2020,Wind_Offshore,1,SARIMA,447.46122671807024,631.1571475249418,241652574.84481093,0.8878106253237921
POST_2020,Wind_Offshore,1,ARIMA,447.8740762260468,636.2303076450102,25050399.165218465,0.8859998494820149
POST_2020,Wind_Offshore,1,SARIMAX,447.2931467367027,630.7216617809084,327669604.6663852,0.88796538874005
POST_2020,Wind_Offshore,6,SARIMA,2343.0643131073584,2844.429460512993,96.46648813112441,-2.0925367265030426
POST_2020,Wind_Offshore,6,ARIMA,2336.2329158417792,2832.355056794391,96.25296084974859,-2.066337248902047
POST_2020,Wind_Offshore,6,SARIMAX,2337.8803973967483,2841.3562478953468,96.31520518642401,-2.085857785228492
POST_2020,Wind_Offshore,24,SARIMA,2074.406262118733,2586.6126638747196,88.84453910349983,-1.137617341739225
POST_2020,Wind_Offshore,24,ARIMA,2048.055472895335,2558.0188189376217,87.82613326796249,-1.0906177599165785
POST_2020,Wind_Offshore,24,SARIMAX,2100.6794853382776,2586.8029855643454,90.62660323577563,-1.1379319229807794
POST_2020,Wind_Offshore,72,SARIMA,2392.3004760910576,2841.5642258939515,56.87028982061225,-3.421117666425367
POST_2020,Wind_Offshore,72,ARIMA,2344.2872253082837,2781.353534822023,55.64538517444889,-3.235742111497524
POST_2020,Wind_Offshore,72,SARIMAX,2357.275251189037,2862.9323192250563,55.56451107796102,-3.487859819685469
POST_2020,Wind_Offshore,168,SARIMA,2282.1209799731682,2964.620508774233,250.23055775768813,-0.9864531530828349
POST_2020,Wind_Offshore,168,ARIMA,2164.816653821806,2846.9693686016985,241.9016186023071,-0.8319166042795396
POST_2020,Wind_Offshore,168,SARIMAX,2438.684588501647,3195.555537047159,262.58827023776325,-1.3079842969542583
POST_2021,Solar,1,SARIMA,1990.659377833809,3358.297737269432,821.9262102054923,0.9062740208212262
POST_2021,Solar,1,ARIMA,2412.9138539828455,3931.1728641015784,2183.8204376861277,0.8715701795895389
POST_2021,Solar,1,SARIMAX,1998.089897618505,3341.192302510036,975.6366118523506,0.9072263727271748
POST_2021,Solar,6,SARIMA,8750.30366493242,13142.035444358826,127120.9037106618,-6.348942128928222
POST_2021,Solar,6,ARIMA,11336.90298528913,16963.95499349044,153702.20475423653,-11.244858822331798
POST_2021,Solar,6,SARIMAX,8590.892446098556,13062.784829806718,124685.19834492735,-6.260576497886093
POST_2021,Solar,24,SARIMA,1416.1330343931234,3234.46179333078,1270.658399377762,-0.22712445272657078
POST_2021,Solar,24,ARIMA,1892.4266959082763,3353.093587423973,14737.056511166693,-0.318790802357912
POST_2021,Solar,24,SARIMAX,3087.74634494955,4534.665215330467,43172.28221256352,-1.411987309619779
POST_2021,Solar,72,SARIMA,1073.1347403233842,2223.493570003562,2101.481095293334,-0.27722821350118876
POST_2021,Solar,72,ARIMA,1507.972325382363,2430.2434435962264,16541.789743357873,-0.525795423478995
POST_2021,Solar,72,SARIMAX,4135.2275977204345,5515.564104237858,77879.03589577624,-6.859168871567609
POST_2021,Solar,168,SARIMA,2347.795072281296,4883.251621353231,2545.7356359414875,-0.26546448343882845
POST_2021,Solar,168,ARIMA,2717.8339824311647,4717.962214357075,12089.267058518704,-0.181246872225308
POST_2021,Solar,168,SARIMAX,7480.211251077311,9206.896101479837,129094.05675051639,-3.4984017487195853
POST_2021,Wind_Onshore,1,SARIMA,1144.2361770676962,1636.1277708289672,14.384233246140898,0.973587273577127
POST_2021,Wind_Onshore,1,ARIMA,1199.4582606427946,1720.3803678574593,14.662977411807601,0.9707969806270801
POST_2021,Wind_Onshore,1,SARIMAX,1106.4541663622656,1578.5608060770328,14.807901355055433,0.9754132326512542
POST_2021,Wind_Onshore,6,SARIMA,14938.371383232348,18675.250344834327,96.63808235437939,-1.6526268041316174
POST_2021,Wind_Onshore,6,ARIMA,14872.313581375984,18613.145466540213,96.26040715995869,-1.6350134241642333
POST_2021,Wind_Onshore,6,SARIMAX,14697.67648182331,18455.088284731955,95.31881798142973,-1.5904519636791754
POST_2021,Wind_Onshore,24,SARIMA,9988.437707936164,12595.204574570216,72.39796746270055,-0.613186452762839
POST_2021,Wind_Onshore,24,ARIMA,9389.738106177892,11926.96358394581,67.3105098372036,-0.44655150370741414
POST_2021,Wind_Onshore,24,SARIMAX,9096.366863185098,11543.980013183926,65.93474856517642,-0.3551433770712311
POST_2021,Wind_Onshore,72,SARIMA,9474.11726453345,11641.911412707843,61.11104610265888,-2.195979755013074
POST_2021,Wind_Onshore,72,ARIMA,8005.3856151008,9827.517805372752,51.05543916917743,-1.2774199345043349
POST_2021,Wind_Onshore,72,SARIMAX,7458.975472982097,9590.363837160852,46.3654851523799,-1.168830471709192
POST_2021,Wind_Onshore,168,SARIMA,12788.514173705735,15078.146474434365,96.50912766012154,-17.473143005281617
POST_2021,Wind_Onshore,168,ARIMA,9705.247156981071,11476.49663192267,73.96529873686934,-9.701965425698052
POST_2021,Wind_Onshore,168,SARIMAX,8916.220198054594,10384.38148876144,71.41282395420887,-7.762058433331239
POST_2021,Wind_Offshore,1,SARIMA,447.46122671807024,631.1571475249418,241652574.84481093,0.8878106253237921
POST_2021,Wind_Offshore,1,ARIMA,447.8740762260468,636.2303076450102,25050399.165218465,0.8859998494820149
POST_2021,Wind_Offshore,1,SARIMAX,447.2931467367027,630.7216617809084,327669604.6663852,0.88796538874005
POST_2021,Wind_Offshore,6,SARIMA,2343.0643131073584,2844.429460512993,96.46648813112441,-2.0925367265030426
POST_2021,Wind_Offshore,6,ARIMA,2336.2329158417792,2832.355056794391,96.25296084974859,-2.066337248902047
POST_2021,Wind_Offshore,6,SARIMAX,2337.8803973967483,2841.3562478953468,96.31520518642401,-2.085857785228492
POST_2021,Wind_Offshore,24,SARIMA,2074.406262118733,2586.6126638747196,88.84453910349983,-1.137617341739225
POST_2021,Wind_Offshore,24,ARIMA,2048.055472895335,2558.0188189376217,87.82613326796249,-1.0906177599165785
POST_2021,Wind_Offshore,24,SARIMAX,2100.6794853382776,2586.8029855643454,90.62660323577563,-1.1379319229807794
POST_2021,Wind_Offshore,72,SARIMA,2392.3004760910576,2841.5642258939515,56.87028982061225,-3.421117666425367
POST_2021,Wind_Offshore,72,ARIMA,2344.2872253082837,2781.353534822023,55.64538517444889,-3.235742111497524
POST_2021,Wind_Offshore,72,SARIMAX,2357.275251189037,2862.9323192250563,55.56451107796102,-3.487859819685469
POST_2021,Wind_Offshore,168,SARIMA,2282.1209799731682,2964.620508774233,250.23055775768813,-0.9864531530828349
POST_2021,Wind_Offshore,168,ARIMA,2164.816653821806,2846.9693686016985,241.9016186023071,-0.8319166042795396
POST_2021,Wind_Offshore,168,SARIMAX,2438.684588501647,3195.555537047159,262.58827023776325,-1.3079842969542583
