Period,Target,Horizon,Epochs,Model,MAE,RMSE,MAPE,R2
FULL,Solar,1,20,LSTM,602.6035058162117,1020.352217424646,1461.4337312131195,0.9892519391381729
FULL,Solar,1,40,LSTM,442.58573437094367,797.0314274861327,1025.0144404083771,0.9934418584789927
FULL,Solar,1,60,LSTM,433.56927382103123,780.5628964008063,651.5794197919604,0.9937100716437967
FULL,Solar,1,80,LSTM,422.97754913653705,758.6028831758011,665.3811934504,0.9940590093390117
FULL,Solar,1,100,LSTM,416.5599406041857,758.9398065680241,925.4263134455936,0.9940537309429599
FULL,Solar,6,20,LSTM,1259.9201959438167,2324.907846620494,2854.3186188093787,0.9441990733755408
FULL,Solar,6,40,LSTM,1176.7502109188138,2156.63433526061,2678.2984762669284,0.9519843342550629
FULL,Solar,6,60,LSTM,1144.428423052031,2208.2429683170835,1412.6764730446705,0.9496587915410151
FULL,Solar,6,80,LSTM,1303.585084082165,2368.4783656796285,2912.7101332641855,0.942087972668103
FULL,Solar,6,100,LSTM,1243.7838543130695,2358.849206785778,1760.7199514980643,0.9425579035377079
FULL,Solar,24,20,LSTM,1505.8258103120256,2841.549971805289,2001.1449516645098,0.9166421252972232
FULL,Solar,24,40,LSTM,1545.8807426031933,2925.323841659054,2483.5722891134924,0.9116546005496138
FULL,Solar,24,60,LSTM,1739.4865376208484,3155.659548891081,3756.010957402742,0.8971945063178566
FULL,Solar,24,80,LSTM,1637.7700320212234,3217.5188515604186,1290.8981563871093,0.8931244807932734
FULL,Solar,24,100,LSTM,1823.1838901579738,3510.038689781723,2390.3561314588705,0.8728079859219517
FULL,Solar,72,20,LSTM,2232.3196665218884,3695.4511936797344,10992.56523294074,0.8590165198038614
FULL,Solar,72,40,LSTM,2200.2315620255713,3880.200965259674,4137.968258429219,0.8445675387734735
FULL,Solar,72,60,LSTM,2240.105145229297,4160.161010352143,3988.739581231067,0.8213292073610017
FULL,Solar,72,80,LSTM,2371.021888425095,4413.046181996722,3445.630825816276,0.798947151806324
FULL,Solar,72,100,LSTM,2368.834135092304,4469.230613151507,3169.240316505665,0.7937951788315598
FULL,Solar,168,20,LSTM,2165.1834616068404,4092.1284122830643,3390.1036589555247,0.8271499284396284
FULL,Solar,168,40,LSTM,2635.812613755934,5155.78331875344,3666.9469645558024,0.7256149969287108
FULL,Solar,168,60,LSTM,2804.1124315777633,5219.080875612854,5177.937738521702,0.7188363904134119
FULL,Solar,168,80,LSTM,2580.3504675220415,4847.635511542719,3399.258377513715,0.7574334155038458
FULL,Solar,168,100,LSTM,2699.896470064874,5290.844049381304,2416.196539575438,0.7110511449929664
FULL,Wind_Onshore,1,20,LSTM,1267.423472697515,1774.547303075308,17.518429066540122,0.9716530876341098
FULL,Wind_Onshore,1,40,LSTM,1253.0635897675172,1741.7224258465474,16.223635871944904,0.9726920884587946
FULL,Wind_Onshore,1,60,LSTM,1146.448457343577,1590.6419543401714,15.369875055908308,0.9772241042571553
FULL,Wind_Onshore,1,80,LSTM,1149.042739692059,1608.9643483358184,13.703450290959788,0.9766963772002438
FULL,Wind_Onshore,1,100,LSTM,1182.78147305345,1656.795386717831,14.586375364804047,0.9752902499029761
FULL,Wind_Onshore,6,20,LSTM,2948.211862953936,3957.2652135775306,38.205732462769426,0.8591452454317104
FULL,Wind_Onshore,6,40,LSTM,2971.178325819464,4058.0283906995446,38.87477675679855,0.8518807996887118
FULL,Wind_Onshore,6,60,LSTM,3127.2944127880373,4292.84114962746,37.72245055288947,0.8342433987799809
FULL,Wind_Onshore,6,80,LSTM,3525.3442074162863,4865.233230633161,41.4906911465944,0.7870936938067986
FULL,Wind_Onshore,6,100,LSTM,3570.513676353066,5018.1141286812335,43.435145772501556,0.7735030984866583
FULL,Wind_Onshore,24,20,LSTM,7109.6804934540405,9429.403224683538,123.37446997286162,0.20126647252783114
FULL,Wind_Onshore,24,40,LSTM,7754.517072665166,10120.703503976834,135.56152590706543,0.07985789678691912
FULL,Wind_Onshore,24,60,LSTM,7686.2327022314485,10201.84574602496,118.228621615206,0.06504436247893464
FULL,Wind_Onshore,24,80,LSTM,7746.619275328577,10251.791180188808,124.27202760685681,0.05586738143600878
FULL,Wind_Onshore,24,100,LSTM,8334.237124159517,10862.002902470045,134.31457282637078,-0.05987177890089468
FULL,Wind_Onshore,72,20,LSTM,8409.602806778697,11254.669868699315,133.4664983231185,-0.13538452494314113
FULL,Wind_Onshore,72,40,LSTM,8646.068703862034,11531.280823456058,132.54227356541236,-0.19188004081759802
FULL,Wind_Onshore,72,60,LSTM,9345.563747814333,12139.482343793508,151.32166504838295,-0.3209238610074989
FULL,Wind_Onshore,72,80,LSTM,9164.30619621779,12041.88217834105,142.33734735756315,-0.2997690666747215
FULL,Wind_Onshore,72,100,LSTM,8838.566974070854,11570.758759878356,143.22546478831583,-0.2000549364471469
FULL,Wind_Onshore,168,20,LSTM,8919.392045305904,11935.248111014342,141.47830287747806,-0.2845779986100021
FULL,Wind_Onshore,168,40,LSTM,8991.295230775078,12018.005233856304,141.9540164182545,-0.30245388013278207
FULL,Wind_Onshore,168,60,LSTM,9567.270168434148,12615.536351130784,144.1896279734646,-0.43518872854379853
FULL,Wind_Onshore,168,80,LSTM,9242.371780935942,12270.691147202657,135.466149551467,-0.35779944368680705
FULL,Wind_Onshore,168,100,LSTM,9570.490225361222,12699.180763337314,152.90075254350754,-0.4542831976728434
FULL,Wind_Offshore,1,20,LSTM,534.5747197643034,748.4822285447235,62552709.27544306,0.8323958076281143
FULL,Wind_Offshore,1,40,LSTM,531.9683991319736,739.8184975631881,141682544.95344937,0.8362534107401505
FULL,Wind_Offshore,1,60,LSTM,534.6984923641683,737.3718435007245,212445860.7647068,0.837334672685464
FULL,Wind_Offshore,1,80,LSTM,547.431416276256,753.0071677128691,234872162.9152366,0.8303631842990472
FULL,Wind_Offshore,1,100,LSTM,564.9215041091119,779.3217759023563,96745363.33036542,0.8182997544200912
FULL,Wind_Offshore,6,20,LSTM,983.6115077844025,1276.8989130419693,682479221.2204838,0.5123818570948782
FULL,Wind_Offshore,6,40,LSTM,1195.574681020057,1555.8866932281187,1770114079.4251635,0.276026358625182
FULL,Wind_Offshore,6,60,LSTM,1259.963497400765,1661.8973787585762,1576894758.267901,0.1740091674220633
FULL,Wind_Offshore,6,80,LSTM,1262.611968200058,1672.2176387045477,626005238.9171045,0.16371863048984026
FULL,Wind_Offshore,6,100,LSTM,1322.0773783424752,1739.697296895823,641699672.2438663,0.09486324871287255
FULL,Wind_Offshore,24,20,LSTM,1498.5431320338673,1865.8735817471381,4292728842.414259,-0.043838682771887516
FULL,Wind_Offshore,24,40,LSTM,1701.087045941301,2160.40704034551,2087133539.5146992,-0.39939437320206905
FULL,Wind_Offshore,24,60,LSTM,1740.027583147692,2186.796671418419,3817841044.014353,-0.4337907158203924
FULL,Wind_Offshore,24,80,LSTM,1803.2409688477387,2249.617631023672,6375565262.672815,-0.5173520986470534
FULL,Wind_Offshore,24,100,LSTM,1674.988659334292,2121.925803510815,2069545857.8937218,-0.3499862454034075
FULL,Wind_Offshore,72,20,LSTM,1668.1889343471341,2029.5681563237,5431591207.989187,-0.2368281263214147
FULL,Wind_Offshore,72,40,LSTM,1873.032172707414,2336.241872814044,5417308823.052776,-0.638844241822607
FULL,Wind_Offshore,72,60,LSTM,1871.2283017649129,2321.445699288181,8018476353.669664,-0.618151318811295
FULL,Wind_Offshore,72,80,LSTM,1803.8109303881936,2242.5950204556984,6355014027.858024,-0.5100932953488087
FULL,Wind_Offshore,72,100,LSTM,1816.3126077111544,2267.978584533363,5318622431.146555,-0.5444717576460238
FULL,Wind_Offshore,168,20,LSTM,1649.510638467257,2030.4502434003184,7548250975.43558,-0.25030552016109353
FULL,Wind_Offshore,168,40,LSTM,1701.8844698799667,2139.658075691464,5578642879.594468,-0.38841788715214864
FULL,Wind_Offshore,168,60,LSTM,1728.417866622426,2161.0764254049745,1497108129.7405715,-0.4163536209688079
FULL,Wind_Offshore,168,80,LSTM,1853.465962080933,2306.291118130277,5984284650.736597,-0.6130940846000712
FULL,Wind_Offshore,168,100,LSTM,1751.8239653951998,2195.8601500308646,4752375940.019305,-0.4623145467243186
POST_2020,Solar,1,20,LSTM,810.7419640818358,1280.5331253287645,2852.855579826195,0.9863981283131251
POST_2020,Solar,1,40,LSTM,857.1475149731832,1518.7426189436721,1303.2397426302891,0.9808668974483123
POST_2020,Solar,1,60,LSTM,648.2518629114163,1163.3217758816493,581.3451065860032,0.9887742141285729
POST_2020,Solar,1,80,LSTM,620.3290504722722,1033.4805049925915,1149.088860134495,0.9911402469631665
POST_2020,Solar,1,100,LSTM,652.7202269523087,1154.7998964585688,1016.8437437777529,0.9889380800524934
POST_2020,Solar,6,20,LSTM,1645.7894719388753,2952.108514058461,2746.7103279100243,0.9277093963956148
POST_2020,Solar,6,40,LSTM,1724.3000233379153,3104.5367643022214,2901.956928030254,0.920051405959964
POST_2020,Solar,6,60,LSTM,1587.466665873235,2750.8308588574464,3568.1105999157962,0.9372310315313659
POST_2020,Solar,6,80,LSTM,1815.1175938784797,3396.289463339859,2494.293082858976,0.9043188003426649
POST_2020,Solar,6,100,LSTM,1973.1346558488515,3482.7158995146033,2797.270559227254,0.8993871818836175
POST_2020,Solar,24,20,LSTM,1929.9834986815124,3316.071823920855,5333.716798427392,0.9087711644252066
POST_2020,Solar,24,40,LSTM,3762.7699109305786,5922.919223638761,10913.733634676582,0.7089578471378888
POST_2020,Solar,24,60,LSTM,2810.123697970925,4879.48634575222,6214.8427053795285,0.8024702615222019
POST_2020,Solar,24,80,LSTM,2139.1785730012384,3813.096970396122,3680.0927981023997,0.87937426449247
POST_2020,Solar,24,100,LSTM,2729.5140315786257,5022.8384210772565,4099.603348706848,0.7906935123557333
POST_2020,Solar,72,20,LSTM,2150.1393268864977,4046.133216706229,2560.647339232957,0.8641806695830977
POST_2020,Solar,72,40,LSTM,2757.7738509326477,5278.961111871763,3686.7717816727663,0.7688051501633038
POST_2020,Solar,72,60,LSTM,2789.403788920935,5240.429269208825,4284.583697958271,0.772167876927958
POST_2020,Solar,72,80,LSTM,3073.4764507107166,5823.723836633715,5233.469427054194,0.7186267708946646
POST_2020,Solar,72,100,LSTM,2336.2885636951514,4170.285094155209,3240.9774474778587,0.8557178114017343
POST_2020,Solar,168,20,LSTM,2399.472099568922,4506.557924461987,2673.3494383181146,0.8314922500979804
POST_2020,Solar,168,40,LSTM,2553.543605025907,4562.1212751250205,4934.438588401802,0.8273114208480048
POST_2020,Solar,168,60,LSTM,3131.8245256419923,5659.757825991205,4664.0351540172815,0.7342179409615236
POST_2020,Solar,168,80,LSTM,3584.260504746904,6928.362064154584,2204.019714748761,0.6017176009388323
POST_2020,Solar,168,100,LSTM,3115.006604322462,5618.998346678183,5259.122905954091,0.7380322844526513
POST_2020,Wind_Onshore,1,20,LSTM,1513.9584494990456,2036.0388057964249,24.917369833383336,0.9589523225636147
POST_2020,Wind_Onshore,1,40,LSTM,1407.5818671939007,1890.8988423574363,23.68898576297789,0.9645959391541088
POST_2020,Wind_Onshore,1,60,LSTM,1304.341813686436,1731.1550289107593,22.560657370673866,0.9703251583674718
POST_2020,Wind_Onshore,1,80,LSTM,1191.469692945453,1633.9993275160925,16.561826734295835,0.9735625092081134
POST_2020,Wind_Onshore,1,100,LSTM,1255.0283975504294,1691.042259643668,19.52692691031531,0.9716844234942916
POST_2020,Wind_Onshore,6,20,LSTM,3258.0302144159687,4345.127114178037,48.913700156307875,0.813410457437001
POST_2020,Wind_Onshore,6,40,LSTM,3339.9403816757035,4523.2837653066235,49.76388611952946,0.7977958822016453
POST_2020,Wind_Onshore,6,60,LSTM,3894.036729582941,5332.056914620457,50.04002609478141,0.7190222820747434
POST_2020,Wind_Onshore,6,80,LSTM,4300.4057028808065,6086.782642600013,60.954900817130785,0.6338509472173448
POST_2020,Wind_Onshore,6,100,LSTM,4058.513082156403,5565.613289582365,53.177084571779254,0.6938682439600139
POST_2020,Wind_Onshore,24,20,LSTM,7350.220741618209,9644.055135222236,179.9687214635055,0.08728979633547163
POST_2020,Wind_Onshore,24,40,LSTM,7945.9045710985565,10291.987027652714,160.8649445011941,-0.03947008890475967
POST_2020,Wind_Onshore,24,60,LSTM,11029.025774174595,13391.660974785975,302.41563986304396,-0.7598774593735127
POST_2020,Wind_Onshore,24,80,LSTM,8680.825130343532,11483.336886237561,178.21923524685462,-0.29404610050281743
POST_2020,Wind_Onshore,24,100,LSTM,9014.248233174989,11454.944773275585,230.04164900775538,-0.28765505172793304
POST_2020,Wind_Onshore,72,20,LSTM,8535.930913415397,11208.861724727913,232.33184778603038,-0.24725297465527518
POST_2020,Wind_Onshore,72,40,LSTM,10588.94546875582,13320.623535827337,305.8431057906015,-0.7614918340937415
POST_2020,Wind_Onshore,72,60,LSTM,10469.370769522944,13214.070830434037,215.76585407443045,-0.733423922767942
POST_2020,Wind_Onshore,72,80,LSTM,12389.440760102389,14982.398962869276,363.6968901016158,-1.2284055958009295
POST_2020,Wind_Onshore,72,100,LSTM,10648.9248058904,13749.81414512006,242.12003135957616,-0.8768310550601257
POST_2020,Wind_Onshore,168,20,LSTM,9516.247573165374,12128.150453985168,220.715533165068,-0.40857660660713635
POST_2020,Wind_Onshore,168,40,LSTM,12215.36420017046,15159.255952408053,327.46755177615245,-1.200630313993516
POST_2020,Wind_Onshore,168,60,LSTM,11662.558297388656,14858.202086166588,299.8214773807589,-1.114091798526002
POST_2020,Wind_Onshore,168,80,LSTM,9306.060506691874,12076.587726051057,222.9076935497007,-0.3966249640887458
POST_2020,Wind_Onshore,168,100,LSTM,10108.684207530936,12434.729491998418,256.827537323614,-0.4806895234461215
POST_2020,Wind_Offshore,1,20,LSTM,587.7559453294026,789.7458900794743,1476066943.655585,0.824580538568842
POST_2020,Wind_Offshore,1,40,LSTM,578.329714121942,785.2600344685712,1131600112.1399457,0.8265676879083287
POST_2020,Wind_Offshore,1,60,LSTM,592.2426280377595,793.5281157170789,1357609598.2413828,0.8228962886306137
POST_2020,Wind_Offshore,1,80,LSTM,577.2094064545133,784.4287496219808,747495209.3083994,0.8269346882286888
POST_2020,Wind_Offshore,1,100,LSTM,602.0317659075436,810.709350265346,1954250587.3958123,0.8151440694027584
POST_2020,Wind_Offshore,6,20,LSTM,1057.3127794193206,1338.1809704222326,6829537897.683374,0.496293187978728
POST_2020,Wind_Offshore,6,40,LSTM,1170.900792371323,1506.0345337427207,19451633390.906815,0.3620039561734507
POST_2020,Wind_Offshore,6,60,LSTM,1284.6503522693736,1655.0759246278158,26671151401.19184,0.2294799087483268
POST_2020,Wind_Offshore,6,80,LSTM,1410.6401073924346,1808.4871433810588,6351165456.862672,0.0800187499721593
POST_2020,Wind_Offshore,6,100,LSTM,1441.2674508066207,1847.0688915794676,23906204739.08308,0.04034680685751779
POST_2020,Wind_Offshore,24,20,LSTM,1545.7419784722065,1888.1241783144872,47181653797.24132,-0.005136589200393393
POST_2020,Wind_Offshore,24,40,LSTM,1772.063824234047,2242.5454643716466,48336780029.18567,-0.41790289201790554
POST_2020,Wind_Offshore,24,60,LSTM,1830.1058690481798,2272.719392270767,50713196666.80703,-0.45631596521656004
POST_2020,Wind_Offshore,24,80,LSTM,1823.8909471447928,2292.268750259367,45356488870.09145,-0.4814774420803052
POST_2020,Wind_Offshore,24,100,LSTM,1819.815601098128,2296.409819738794,39041062888.66295,-0.48683496613464494
POST_2020,Wind_Offshore,72,20,LSTM,1627.4630817648945,1947.9072816690384,33219676904.557102,-0.06279962729573385
POST_2020,Wind_Offshore,72,40,LSTM,1860.266911023664,2303.6306585720736,44445459045.315796,-0.4864165458292482
POST_2020,Wind_Offshore,72,60,LSTM,1935.7572150333299,2384.7532066420104,26367525142.92816,-0.59294842244461
POST_2020,Wind_Offshore,72,80,LSTM,1900.5631578485911,2361.6678489021883,30361707064.01037,-0.5622569515816567
POST_2020,Wind_Offshore,72,100,LSTM,1934.0869734597295,2423.5314096605557,45302562764.709564,-0.6451751336115061
POST_2020,Wind_Offshore,168,20,LSTM,1816.135335076684,2202.833325457991,36959631414.67324,-0.36533921919887025
POST_2020,Wind_Offshore,168,40,LSTM,1921.5546020379497,2369.011433892076,24995703340.522404,-0.5791071609473737
POST_2020,Wind_Offshore,168,60,LSTM,1939.5004085687785,2398.793753307736,33846404348.000847,-0.6190606129208522
POST_2020,Wind_Offshore,168,80,LSTM,1820.3809853152661,2278.598043722662,30981800567.64878,-0.46087389887490127
POST_2020,Wind_Offshore,168,100,LSTM,1951.077378454905,2444.883857114291,32809792495.759613,-0.6818751559839242
POST_2021,Solar,1,20,LSTM,1093.5702354708476,1667.744847110392,3391.9461968816827,0.976928477557819
POST_2021,Solar,1,40,LSTM,755.9418359419938,1268.5196857267122,1675.4204416341775,0.986652145581389
POST_2021,Solar,1,60,LSTM,597.3035603201361,1054.0598753672427,784.0489980675259,0.9907838910192216
POST_2021,Solar,1,80,LSTM,649.8023404049072,1084.1289743596842,1776.8024437766603,0.990250576368944
POST_2021,Solar,1,100,LSTM,543.7560343037236,992.3869214869724,526.2358516836604,0.9918308080071147
POST_2021,Solar,6,20,LSTM,1650.943640906672,2844.5473824553433,3112.4825961696283,0.9328812961602957
POST_2021,Solar,6,40,LSTM,1642.6306001341025,2936.6209585544625,2644.9322736848067,0.9284659186281756
POST_2021,Solar,6,60,LSTM,2142.6429089744356,4028.41239416133,3012.1726981292204,0.8653876012398158
POST_2021,Solar,6,80,LSTM,1859.1409770053108,3441.889854983817,2777.758779157473,0.9017322182044692
POST_2021,Solar,6,100,LSTM,1602.210289649109,2964.3105336610774,1856.0044067125323,0.9271105604500182
POST_2021,Solar,24,20,LSTM,2018.2522818954762,3353.999821479261,6180.330345014192,0.9066723468714316
POST_2021,Solar,24,40,LSTM,2348.275981548031,4245.216685367963,3883.2372874259604,0.8504852635455802
POST_2021,Solar,24,60,LSTM,2342.4949174315634,4095.072223252412,4620.579662625695,0.8608742860729682
POST_2021,Solar,24,80,LSTM,3068.722856524587,5065.14331806239,5801.2559624646965,0.7871528932877891
POST_2021,Solar,24,100,LSTM,2332.5719142629905,4260.143473325147,3027.7591155443642,0.849431984736707
POST_2021,Solar,72,20,LSTM,2459.025347730466,4694.181580633034,2993.2087499959857,0.817189557483387
POST_2021,Solar,72,40,LSTM,2514.615138428092,4403.040955707526,7019.556847386368,0.8391627346992777
POST_2021,Solar,72,60,LSTM,2499.8557661664595,4410.379659943704,3945.9377691522477,0.8386261415642544
POST_2021,Solar,72,80,LSTM,3131.3931135243906,6092.57651498777,3384.2946457613407,0.6920478687390514
POST_2021,Solar,72,100,LSTM,3050.962866664616,6101.865903385904,2654.129425993817,0.6911080798659346
POST_2021,Solar,168,20,LSTM,2804.902742734251,5230.695799483016,3315.361287941643,0.7729879599719436
POST_2021,Solar,168,40,LSTM,3195.8835840618613,5902.481378869261,4280.581240802915,0.71093253387908
POST_2021,Solar,168,60,LSTM,5240.922425187033,8651.236468693942,10804.052474475595,0.3790075354660314
POST_2021,Solar,168,80,LSTM,4082.3644220678416,7301.126291719726,6103.592692610341,0.5577073872379368
POST_2021,Solar,168,100,LSTM,3807.611377925768,6925.330933279297,5253.217201123923,0.6020660186407423
POST_2021,Wind_Onshore,1,20,LSTM,1452.3122742401572,1923.5443051326843,23.669286053647102,0.9633629181852431
POST_2021,Wind_Onshore,1,40,LSTM,1364.4341376578784,1845.097060976357,21.40117483591395,0.9662902974264224
POST_2021,Wind_Onshore,1,60,LSTM,1620.3002818872264,2071.609908209901,31.6464360053891,0.9575055272039422
POST_2021,Wind_Onshore,1,80,LSTM,1233.9397840913618,1682.0370511567628,18.138755693952362,0.9719851950840549
POST_2021,Wind_Onshore,1,100,LSTM,1585.2096791051847,2066.7686366504927,27.101063201698572,0.9577039109763381
POST_2021,Wind_Onshore,6,20,LSTM,3483.92197941106,4614.735279716315,54.11853063489293,0.7895369236132364
POST_2021,Wind_Onshore,6,40,LSTM,3895.019249538619,5258.774523394872,54.848736632099545,0.7266925761687724
POST_2021,Wind_Onshore,6,60,LSTM,3958.7330307300836,5441.691731522886,46.77268446619205,0.7073488741323386
POST_2021,Wind_Onshore,6,80,LSTM,4321.010462525311,5912.92394758248,63.7936866404315,0.6544690818205448
POST_2021,Wind_Onshore,6,100,LSTM,4428.764547200515,5963.601939389376,52.65449902758633,0.6485208053674534
POST_2021,Wind_Onshore,24,20,LSTM,8612.097305047646,10840.207166570444,233.9189505567326,-0.1531576932268659
POST_2021,Wind_Onshore,24,40,LSTM,8554.151526556614,11071.084419517687,214.36034411220518,-0.20280122391515176
POST_2021,Wind_Onshore,24,60,LSTM,9457.875037322428,12277.233497265854,203.96135092477493,-0.4791580039348491
POST_2021,Wind_Onshore,24,80,LSTM,8638.496239073895,11610.492230619519,156.66149999628527,-0.3228627910611406
POST_2021,Wind_Onshore,24,100,LSTM,10304.928041894193,12843.285388351327,305.3371232848884,-0.6186978977360789
POST_2021,Wind_Onshore,72,20,LSTM,8578.492340495535,11160.076300354118,251.1020986435459,-0.23641951978315823
POST_2021,Wind_Onshore,72,40,LSTM,10874.637001860943,13801.596464843937,306.63034563675956,-0.8909941076019696
POST_2021,Wind_Onshore,72,60,LSTM,10323.572264636743,13643.554281528577,204.09716190997918,-0.847934490226576
POST_2021,Wind_Onshore,72,80,LSTM,8933.481253632128,11432.726054808963,209.78777709231676,-0.2975709669353579
POST_2021,Wind_Onshore,72,100,LSTM,9302.670185300174,12247.014258025962,224.6912935238368,-0.48899065473009906
POST_2021,Wind_Onshore,168,20,LSTM,9997.65604202997,12308.435807252816,269.5246670719928,-0.45076493332650536
POST_2021,Wind_Onshore,168,40,LSTM,10746.572237096212,13731.64762376707,267.0657444124215,-0.8056626718107567
POST_2021,Wind_Onshore,168,60,LSTM,10454.321952582766,13150.783297451657,234.0362201971633,-0.6561305267780113
POST_2021,Wind_Onshore,168,80,LSTM,10003.381671424107,12436.692121163276,252.5348441622464,-0.48115696807878616
POST_2021,Wind_Onshore,168,100,LSTM,10521.029124946841,13445.061530577523,256.2451558476693,-0.7310790793228057
POST_2021,Wind_Offshore,1,20,LSTM,611.6156329278982,825.4874396776612,1526953462.041336,0.8083433187713359
POST_2021,Wind_Offshore,1,40,LSTM,587.6251161357272,789.0778397235704,1131643253.1066022,0.8248771896048059
POST_2021,Wind_Offshore,1,60,LSTM,591.1710836570793,793.3800339151009,1484951233.389677,0.8229623817889287
POST_2021,Wind_Offshore,1,80,LSTM,606.9249050456586,809.6575647555647,1038162463.5515083,0.815623409295986
POST_2021,Wind_Offshore,1,100,LSTM,635.5732902387517,862.3321772958403,1401355443.2100642,0.790852726225236
POST_2021,Wind_Offshore,6,20,LSTM,1086.6600052251883,1348.1207651645618,11674335089.90522,0.48878248938944746
POST_2021,Wind_Offshore,6,40,LSTM,1221.4539916503102,1572.0493539641561,20948822216.457253,0.3048468778179406
POST_2021,Wind_Offshore,6,60,LSTM,1292.9051738091102,1655.8894522723958,11912019235.218855,0.2287222474926225
POST_2021,Wind_Offshore,6,80,LSTM,1402.3716861033142,1812.569727546872,6725846418.794028,0.07586042317107478
POST_2021,Wind_Offshore,6,100,LSTM,1457.6013510168511,1870.3583946134406,17991622673.685913,0.01599389883288327
POST_2021,Wind_Offshore,24,20,LSTM,1603.6450992570728,1991.3319030281577,43545560568.60092,-0.11802439163951828
POST_2021,Wind_Offshore,24,40,LSTM,1757.173926624156,2172.142768286318,38523184465.06264,-0.3302727924618103
POST_2021,Wind_Offshore,24,60,LSTM,1792.4979434064953,2268.7986630507858,41411642443.85823,-0.4512956397901944
POST_2021,Wind_Offshore,24,80,LSTM,1767.3894390697308,2272.2491575735535,51468309166.800255,-0.45571339240947295
POST_2021,Wind_Offshore,24,100,LSTM,1802.422859701467,2292.6771992280705,41177298631.676834,-0.48200544460533634
POST_2021,Wind_Offshore,72,20,LSTM,1754.013727614264,2157.616083909783,38384536488.53082,-0.3039567087095385
POST_2021,Wind_Offshore,72,40,LSTM,1887.5924978626415,2334.3315206551497,42594275951.22547,-0.5262999853742834
POST_2021,Wind_Offshore,72,60,LSTM,2077.84270405112,2543.466535767572,29193221618.51727,-0.8120362741424916
POST_2021,Wind_Offshore,72,80,LSTM,1944.0597124617282,2402.1053318856134,40047054203.32054,-0.6162142282238237
POST_2021,Wind_Offshore,72,100,LSTM,1983.6360641959895,2466.226573463963,40412094760.605965,-0.7036515674910593
POST_2021,Wind_Offshore,168,20,LSTM,1657.0372387689738,1978.6209512175221,31727446188.68425,-0.10154564084155959
POST_2021,Wind_Offshore,168,40,LSTM,1923.321615544645,2397.4560956385703,25924878274.623238,-0.6172554181297594
POST_2021,Wind_Offshore,168,60,LSTM,1846.6833484016852,2301.1670806577704,26469137917.84391,-0.4899565184348711
POST_2021,Wind_Offshore,168,80,LSTM,1862.503081639644,2318.059422777109,37790196274.33664,-0.5119116688231276
POST_2021,Wind_Offshore,168,100,LSTM,1910.97130839371,2401.109730920141,28233870735.65663,-0.6221884501965147
